Unit,,Skill name,Permanent Skill ID,"GREER PRYOR","BLAKE ABBOTT","SAGE COBB","MORGAN ELKINS","ELLIS UNDERHILL","WREN VANCE","HARPER SUTTER","REMY LOWELL","QUINN ASHBY","FLYNN GARLAND","PEYTON KELLEN","AVERY MERCER","WINTER ZELLER","DAKOTA QUILL","NOOR YORK","KAI PELL","BELLAMY ORME","CASEY UPTON","SKYLER FAIRLEY","MICAH BRIGHTWATER","LOGAN STODDARD","REESE NORWOOD","TATUM EASTON","TOBY DORSEY","JULES ORME78","PEYTON79 JESSUP80","PHOENIX81 HALE82","LOGAN83 INGRAM84","EMERSON85 RAMSEY86","DAKOTA87 QUILL88","HAYDEN89 MERCER90","DAKOTA LATTIMER91","ZION92 KIRBY93","MARLOW94 UPTON95","PHOENIX96 UNDERHILL97","EMERSON98 TOLLIVER99","PHOENIX10 TOLLIVER99","TOBY11 KIRBY12","ZANE13 VOSS14","OAKLEY15 VOSS14","SUTTON16 MERCER17","DAKOTA18 HOLLIS19","TAYLOR20 ELKINS21","EVERLY22 SUTTER23","LENNOX24 OAKES25","WREN26 ORME27","EMERSON28 VOSS29","YAEL30 UPTON31","QUINN32 LOWELL33","EVERLY34 TOLLIVER35","NOOR36 SUTTER37","PARKER38 RHODES39","YAEL40 PELL41","PHOENIX42 ELKINS43","ZANE44 QUILL45","ARDEN46 PELL47","WREN48 LATTIMER49","EVERLY50 RHODES51","CAMERON52 PRYOR53","TATUM54 VANCE55","YAEL40 NASH56","PEYTON79 ABBOTT57","JULES58 ASHBY59","BELLAMY60 UNDERHILL61","OAKLEY15 ORME62","VAL63 DORSEY64","YAEL40 NORWOOD65","FINLEY66 RAMSEY67","SUTTON68 IVERSON69","RORY70 SUTTER71","REESE72 GARLAND73","EMERSON74 UNDERHILL75","MORGAN76 VOSS77","ARDEN78 QUILL79","ARDEN80 HOLLIS81","MARLOW82 MERCER83","TATUM HOLLIS84","CASEY85 ORME86","HAYDEN87 UNDERHILL88","LOGAN89 ASHBY90","TOBY91 COBB92","PEYTON93 UPTON94","RORY95 YORK96","QUINN97 WHITLOCK98","OAKLEY99 CALDER10","JULES11 SUTTER12","JULES13 HALE14","HAYDEN87 QUILL15","ZANE16 QUILL15","HAYDEN17 RAMSEY18","ZION19 RHODES20"
"Unit 1 Equations and Inequalities","Lesson 1.1 Rewriting Numbers in Equivalent Forms","Convert fractions or mixed numbers to decimals",M2D,81,82,81,81,100,,81,,87,81,81,81,100,100,81,82,81,73,82,100,100,80,81,81,82,83,80,80,59,82,81,81,82,81,82,81,81,81,72,100,100,100,86,82,81,100,81,100,100,81,72,81,81,81,81,100,82,100,81,84,80,81,82,82,100,100,81,100,82,82,100,81,82,81,82,81,81,81,100,81,81,74,88,,80,60,80,,81,81,68
"Unit 1 Equations and Inequalities","Lesson 1.1 Rewriting Numbers in Equivalent Forms","Convert between mixed numbers and improper fractions",LGK,57,,,,,,,,,,,,,100,,,,,,,100,,,81,,81,,,,68,,,0,,,,,,,,,,100,7,,,81,,100,,10,,,,,,100,,,,,,,,,,,,81,,,,,,,,,,,,,,,,,,64,0,64
"Unit 1 Equations and Inequalities","Lesson 1.1 Rewriting Numbers in Equivalent Forms","Convert between percents, fractions, and decimals",2HW,,80,,,,,,,,,,,,100,,,,,,,,,,81,,82,,,,68,79,,,100,,,,,,,,,82,,,,82,49,,,,,,,,87,87,,,,,,100,,,,,,82,,100,,,,,28,,,,,,,,,,,60,84,66
"Unit 1 Equations and Inequalities","Lesson 1.2 Converting Between Repeating Decimals and Fractions","Write a repeating decimal as a fraction",W49,83,83,83,83,82,61,100,,83,82,83,83,100,100,83,82,80,60,83,83,100,81,82,83,83,83,100,81,75,81,82,83,83,85,81,83,83,81,71,82,100,100,12,83,81,61,100,100,100,83,68,83,82,83,83,100,91,100,83,83,83,80,83,83,100,100,83,100,71,83,100,83,83,81,81,83,83,82,100,82,83,83,83,64,83,70,83,38,86,82,61
"Unit 1 Equations and Inequalities","Lesson 1.2 Converting Between Repeating Decimals and Fractions","Convert decimals to fractions or mixed numbers",HZD,,,,,,,,,,,,,,53,,,,,,,,,,80,,68,,,,33,,,,,,,,,,,,,,,,,83,,,,,,,,,,100,,,,,,,,,,,,,,,,,,,,,,,,,,,,,53,64,,60
"Unit 1 Equations and Inequalities","Lesson 1.3 Solving Two-Step Equations Using Properties of Equality","Solve two-step equations: complete the solution",X2L,80,,82,,,,82,,83,78,83,83,,,,,,,,82,100,83,,82,,71,82,,,81,,,,,,,,82,73,,81,100,,82,81,,,,100,,,,71,,,82,,,80,82,80,82,,,70,,81,100,71,70,,,,,,80,83,66,82,,82,,80,,71
"Unit 1 Equations and Inequalities","Lesson 1.3 Solving Two-Step Equations Using Properties of Equality","Which x satisfies an equation?",DJS,,,,,,,,,,,,,,,,,,,,,,,,81,,68,,,,69,,,,,,,,,,,,,,,,,82
"Unit 1 Equations and Inequalities","Lesson 1.3 Solving Two-Step Equations Using Properties of Equality","Solve two-step equations using algebra tiles",R9E,,,,,,,,,,,,,,,,,,,,,,,,82,,71,,,,70,,,,,,,,,,,,,,,,,90
"Unit 1 Equations and Inequalities","Lesson 1.4 Solving Two-Step Equations","Solve two-step equations without parentheses",CMX,82,,83,,,100,82,,82,71,83,83,,,,,,,,82,100,83,,81,,67,83,,,83,,,,,,,,68,68,,83,100,,48,87,,81,,100,,,,71,,,100,,,82,83,82,80,,,69,,82,100,71,37,,,,,,83,83,69,71,,80,,82,,69
"Unit 1 Equations and Inequalities","Lesson 1.4 Solving Two-Step Equations","Solve equations of the form px + q = r with fractions",Y6Q,68,,68,,,71,80,,80,80,80,82,,,,,,,,82,100,82,,83,,69,,,,80,,,,,,,,68,80,,80,87,,,82,,76,,100,,,,68,,,80,,,82,83,82,80,,,70,,83,69,68,,,,,,,80,82,64,68,,74,,83,,68
"Unit 1 Equations and Inequalities","Lesson 1.5 Solving Mathematical and Real-World Problems with Equations","Solve two-step equations with parentheses",NSH,81,,71,,,14,83,,83,74,80,82,,,,,,,,83,100,82,,81,,71,82,,,82,,,,,,,,71,71,,83,91,,35,83,,71,,100,,,,71,,,82,,,83,83,83,82,,,71,,80,71,82,,,,,,,68,83,71,70,,83,,80,,71
"Unit 1 Equations and Inequalities","Lesson 1.5 Solving Mathematical and Real-World Problems with Equations","Solve equations of the form p(x + q) = r with fractions",A8D,0,,68,,,,81,,80,72,82,81,,,,,,,,69,100,80,,68,,67,19,,,80,,,,,,,,0,80,,82,67,,,81,,68,,72,,,,67,,,100,,,82,80,68,82,,,68,,79,70,68,,,,,,,68,81,68,69,,80,,67,,67
"Unit 1 Equations and Inequalities","Lesson 1.5 Solving Mathematical and Real-World Problems with Equations","Choose two-step equations: word problems",8NH,,,69,,,,80,,72,75,82,80,,,,,,,,72,100,80,,71,,69,0,,,39,,,,,,,,,80,,80,69,,,80,,69,,100,,,,69,,,82,,,80,80,69,71,,,72,,69,69,69,,,,,,,69,84,71,69,,80,,70,,69
"Unit 1 Equations and Inequalities","Lesson 1.5 Solving Mathematical and Real-World Problems with Equations","Solve two-step equations with integers",QEB,,,,,,,,,,,,,,,,,9,,,51,,,,46,,68,,,,68,,,,,,,,,,,0,,,,,,,,,,,,,,,,,,,,,,,,,,,,,,,,,,,,,,,,46
"Unit 1 Equations and Inequalities","Lesson 1.5 Solving Mathematical and Real-World Problems with Equations","Solve equations involving like terms",VSW,,,,,,,,,,,,,,,,,,,,,,,,,,68
"Unit 1 Equations and Inequalities","Lesson 1.6: Writing Two-Step Equations from Real-World Contexts / Lesson 1.7: Writing and Solving Equations in Real-World Context","Solve two-step equations: word problems",D2Y,,,73,,,,85,,73,75,67,80,,,,,,,,73,100,85,,73,,69,,,,,,,,,,,,,85,,94,73,,,73,,73,,100,,,,73,,,80,,,81,85,73,73,,,75,,73,73,73,,,,,,,73,82,66,73,,85,,73,,73
"Unit 1 Equations and Inequalities","Lesson 1.8 Determining Solutions to Inequalities","Solutions to inequalities",G2U,68,,80,,,,80,,72,70,68,83,,,,,,,,80,100,82,,68,,10,,,,82,,,,,,,,,63,,68,69,,,80,,70,,83,,,,68,,,80,,,68,80,68,68,,,72,,69,68,69,,,,,,,68,81,64,68,,80,,68,,80
"Unit 1 Equations and Inequalities","Lesson 1.8 Determining Solutions to Inequalities","Solve two-step inequalities",N9D,45,,68,,,,81,,68,82,68,81,,,,,,,,82,100,81,,78,,,,,,47,,,,,,,,,68,,68,39,,0,68,,68,,100,,,,68,,,38,,,68,81,67,79,,,68,,68,68,67,,,,,,,68,82,72,67,,81,,67,,68
"Unit 1 Equations and Inequalities","Lesson 1.8 Determining Solutions to Inequalities","Graph solutions to two-step inequalities",WHT,68,,70,,,,68,,72,72,68,80,,,,,,,,67,100,81,,72,,,,,,54,,,,,,,,10,69,,70,,,,72,,0,,100,,,,68,,,56,,,68,80,70,81,,,68,,68,68,68,,,,,,,67,81,63,0,,68,,30,,67
"Unit 1 Equations and Inequalities","Lesson 1.9: Solving Inequalities - Part 1 / Lesson 1.10: Solving Inequalities - Part 2","Solve multi-step inequalities",6AZ,,,69,,,7,80,,68,72,28,83,,,,,,,,68,100,80,,76,,,,,,,,,,,,,,68,68,,68,,,,68,,68,,100,,,,69,,,8,,,68,80,68,82,,,67,,68,68,68,,,,,,,67,80,64,58,,68,,68,,6
"Unit 1 Equations and Inequalities","Lesson 1.9: Solving Inequalities - Part 1 / Lesson 1.10: Solving Inequalities - Part 2","Graph solutions to multi-step inequalities",HKW,,,68,,,,80,,68,80,0,83,,,,,,,,0,100,82,,67,,,,,,,,,,,,,,68,69,,67,24,,,68,,,,100,,,,68,,,34,,,68,81,68,80,,,68,,68,67,68,,,,,,,68,80,62,,,69,,0,,8
"Unit 1 Equations and Inequalities","Lesson 1.9: Solving Inequalities - Part 1 / Lesson 1.10: Solving Inequalities - Part 2","Solve multi-step inequalities: word problems",DKH,0,,73,,,20,85,,67,81,,81,,,,,,,,,100,82,,67,,,,,,,,,,,,,,73,80,,73,,,,69,,73,,100,,,,70,,,0,,,71,100,27,82,,,68,,,73,85,,,,,,,67,85,66,0,,67,,,,0
"Unit 1 Equations and Inequalities","Lesson 1.9: Solving Inequalities - Part 1 / Lesson 1.10: Solving Inequalities - Part 2","Write inequalities from number lines",YW9
"Unit 2 Rational and Irrational Numbers","Lesson 2.1 Square Values","Identify square numbers",54P,,,100,,,,100,,100,90,71,71,,,,,,,,71,100,71,,74,,71,55,,,82,,,,,,,,71,73,,70,100,100,67,70,,82,,,,,,74,,,100,,,71,67,71,74,,,100,,72,71,83,71,,,,,,83,83,71,71,,100,,71,,71
"Unit 2 Rational and Irrational Numbers","Lesson 2.1 Square Values","Evaluate squares",H77,68,,100,,,,100,,100,91,70,68,,,,,,,,82,100,68,,68,,68,,,,72,,,,,,,,70,68,,70,100,100,68,68,,81,,,,,,68,,,100,,,72,72,68,72,,,100,,75,70,81,72,,,,,,81,81,68,68,,100,,68,,68
"Unit 2 Rational and Irrational Numbers","Lesson 2.1 Square Values","Complete a function table: quadratic functions",VN8,,,68,,,,100,,70,80,69,68,,,,,,,,70,100,68,,73,,71,,,,67,,,,,,,,70,69,,71,70,18,71,71,,,,,,,,27,,,86,,,67,71,14,81,,,71,,74,68,69,49,,,,,,70,68,68,7,,82,,67,,71
"Unit 2 Rational and Irrational Numbers","Lesson 2.2 Square Values and Square Roots","Solve equations using square roots",NNA,66,,100,,,,100,,96,83,71,70,,,,,,,,83,100,69,,83,,71,,,,71,,,,,,,,71,71,,71,100,,0,71,,,,,,,,,,,100,,,71,71,,71,,,100,,71,71,71,71,,,,,,71,82,71,,,100,,71,,71
"Unit 2 Rational and Irrational Numbers","Lesson 2.2 Square Values and Square Roots","Square roots of perfect squares",9RS,,,79,,,,100,,79,83,,71,,,,,,,,67,100,71,,100,,71,,,,71,,,,78,,,,71,71,,71,100,,,71,,,,,,,,,,,100,,,71,71,,71,,,100,,71,71,71,71,,,,,,71,83,71,100,,100,,70,,71
"Unit 2 Rational and Irrational Numbers","Lesson 2.2 Square Values and Square Roots","Relationship between squares and square roots",8W2,,,75,,,,100,,100,81,68,68,,,,,,,,68,100,68,,72,,100,,,,72,,,,,,,,68,68,,72,100,,,,,,,,,,,,,,100,,,68,72,,72,,,100,,79,68,70,,,,,,,68,82,,,,100,,100,,72
"Unit 2 Rational and Irrational Numbers","Lesson 2.3 Cube Values","Evaluate cubes",AMR,,,72,,,,100,,68,81,68,68,,,,,,,,68,100,68,,68,,68,,,,68,,,,,,,,68,72,,68,78,,,68,,82,,,,,,,,,100,,,68,68,,75,,,73,,72,72,68,72,,,,,,70,80,68,67,,85,,68,,72
"Unit 2 Rational and Irrational Numbers","Lesson 2.3 Cube Values","Cube roots of positive and negative perfect cubes",J7K,,,71,,,,100,,73,83,71,70,,,,,,,,71,100,68,,100,,79,,,,70,,,,,,,,71,71,,71,83,,,71,,,,,,,,,,,100,,,71,73,,90,,,68,,71,45,70,69,,,,,,71,68,71,100,,83,,71,,66
"Unit 2 Rational and Irrational Numbers","Lesson 2.3 Cube Values","Solve equations using cube roots",TQ5,,,75,,,,100,,83,83,71,71,,,,,,,,71,100,69,,71,,68,,,,71,,,,,,,,71,71,,71,87,,,68,,,,,,,,,,,100,,,71,71,,75,,,100,,71,71,71,71,,,,,,71,71,83,100,,100,,71,,71
"Unit 2 Rational and Irrational Numbers","Lesson 2.4 Approximating Irrational Numbers","Estimate square roots and cube roots",PFD,,,72,,,,100,,68,70,73,69,,,,,,,,67,100,68,,68,,68,,,,68,,,,,,,,37,72,,68,70,,,70,,,,,,,,16,,,70,,,68,70,,69,,,68,,76,68,67,68,,,,,,69,68,70,100,,100,,70,,68
"Unit 2 Rational and Irrational Numbers","Lesson 2.4 Approximating Irrational Numbers","Identify rational and irrational numbers",NV6,,,72,,,,100,,68,72,68,68,,,,,,,,70,100,69,,70,,68,,,,73,,,,,,,,67,68,,68,100,,,67,,,,,,,,,,,71,,,68,72,,69,,,68,,68,70,68,68,,,,,,67,67,68,75,,82,,73,,72
"Unit 2 Rational and Irrational Numbers","Lesson 2.4 Approximating Irrational Numbers","Square roots and cube roots",9LU,,,72,,,,100,,68,82,68,68,,,,,,,,68,100,68,,68,,42,,,,69,,,,37,,,,68,,,72,72,,,,,,,,,,,,,,69,,,68,67,,71,,,68,,68,68,,,,,,,,68,83,,,,100,,68,,73
"Unit 2 Rational and Irrational Numbers","Lesson 2.4 Approximating Irrational Numbers","Identify rational and irrational square roots",UGE,,,73,,,,100,,67,90,68,67,,,,,,,,68,100,70,,69,,68,,,,68,,,,,,,,67,,,67,78,,,,,,,,,,,,,,100,,,68,68,,67,,,68,,70,67,,,,,,,,68,68,,,,100,,68,,43
"Unit 2 Rational and Irrational Numbers","Lesson 2.5 Rational and Irrational Numbers on the Number Line","Irrational numbers on number lines",QZ7,,,75,,,,67,,69,80,,67,,,,,,,,69,100,70,,100,,72,100,,,70,,,,,,,,71,69,,75,75,,,69,,,,,,,,,,,72,,,67,69,,67,,,70,,72,68,70,67,,,,,,69,72,67,80,,83,,67,,72
"Unit 2 Rational and Irrational Numbers","Lesson 2.6 Plotting, Ordering, and Comparing Real Numbers","Put rational numbers in order",QP5,,,72,,,,0,,68,72,68,70,,,,,,,,68,88,68,,68,,68,,,,68,,,,,,,,68,68,,67,70,,,70,,,,,,,,,,,71,,,70,70,,69,,,70,,68,68,68,67,,,,,,70,70,70,,,100,,69,,70
"Unit 2 Rational and Irrational Numbers","Lesson 2.6 Plotting, Ordering, and Comparing Real Numbers","Compare and order rational and irrational numbers",EED,,,70,,,,68,,68,74,,70,,,,,,,,71,70,70,,67,,70,52,,,67,,,,,,,,70,70,,70,70,,,71,,,,,,,,,,,70,,,70,67,,68,,,67,,70,68,70,67,,,,,,71,67,67,,,82,,67,,67
"Unit 2 Rational and Irrational Numbers","Lesson 2.6 Plotting, Ordering, and Comparing Real Numbers","Compare rational numbers",MUK,,,72,,,,100,,68,81,68,68,,,,,,,,68,68,72,,70,,68,,,,68,,,,,,,,69,,,68,72,,,,,,,,,,,,,,72,,,68,70,,69,,,68,,68,68,,,,,,,,68,68,,,,100,,70,,68
"Unit 3 Exponents and Scientific Notation","Lesson 3.1 Product Laws of Exponents","Evaluate powers",SZQ,75,,70,,,,,,73,82,68,70,,,,,,,,68,68,68,,68,,,,,,67,,,,,,,,68,68,,76,72,,,68,,100,,,,,,,,,68,,,67,68,,68,,,71,100,68,68,71,81,,,,,,,68,68,73,,100,,70,,68
"Unit 3 Exponents and Scientific Notation","Lesson 3.1 Product Laws of Exponents","Multiplication with exponents",5SK,,,36,,,,,,72,28,68,68,,,,,,,,81,68,72,,83,,68,,,,67,,,,,,,,68,68,,,81,,,,,,,,,,,,,,68,,,67,53,,68,,,80,100,,68,36,,,,,,,81,81,72,,,100,,68,,68
"Unit 3 Exponents and Scientific Notation","Lesson 3.1 Product Laws of Exponents","Power rule",8DA,,,68,,,,,,68,,69,68,,,,,,,,68,68,70,,68,,67,,,,68,,,,,,,,68,68,,,72,,,,,,,,,,,,,,87,,,72,,,72,,,70,100,68,68,,,,,,,,64,81,68,,,100,,68,,68
"Unit 3 Exponents and Scientific Notation","Lesson 3.1 Product Laws of Exponents","Understanding exponents",BFA,,,72,,,,,,68,,68,68,,,,,,,,81,68,68,,100,,72,,,,68,,,,,,,,68,,,70,72,,,,,,,,,,,,,,71,,,68,,,68,,,100,,75,68,,,,,,,,,81,,,,10,,68
"Unit 3 Exponents and Scientific Notation","Lesson 3.2 Quotient Laws of Exponents","Powers with negative bases",WFW,,,68,,,,,,70,,58,68,,,,,,,,81,91,70,,68,,68,,,,68,,,,,,,,67,72,,75,68,,,,,,,,,,,,,,72,,,70,,,68,,,73,61,71,68,,68,,,,,,70,69,73,37,,,,68,,73
"Unit 3 Exponents and Scientific Notation","Lesson 3.2 Quotient Laws of Exponents","Division with exponents",XNC,,,68,,,,,,67,,71,67,,,,,,,,68,68,72,,72,,100,,,,68,,,,,,,,68,,,,68,,,,,,,,,,,,,,70,,,68,,,70,,,0,,75,73,,,,,,,,68,67,,,,,,67
"Unit 3 Exponents and Scientific Notation","Lesson 3.2 Quotient Laws of Exponents","Identify equivalent expressions involving whole-number exponents",KBE,34,,68,,,,,,27,,68,67,,,,,,,,,67,46,,67,,44,,,,70,,,,,,,,38,,,,69,,,,,,,,,,,,,,70,,,69,,,68,,,45,16,68,68,,,,,,,,45,70,,,,,,68
"Unit 3 Exponents and Scientific Notation","Lesson 3.3 Exponential Expressions","Evaluate expressions using properties of exponents",ZE9,,,68,,,,,,16,,70,68,,,,,,,,,68,,,21,,,,,,68,,,,,,,,,68,,0,68,,,,,,,,,,,,,,15,,,69,,,68,,,0,,68,,,,,,,,,,72,43,,,,,7
"Unit 3 Exponents and Scientific Notation","Lesson 3.4 Negative Exponent Law","Understanding negative exponents",YBB,,,72,,,,,,,,67,70,,,,,8,,,,68,,,,,,,,,68,,,,,,,,,68,,0,68,,,,,,,,,,,,,,100,,,68,,,68,,,85,,68,,,,,,,,,67,76
"Unit 3 Exponents and Scientific Notation","Lesson 3.4 Negative Exponent Law","Evaluate powers with negative exponents",WGS,,,71,,,,,,,,68,68,,,,,,,,,68,,,68,,,,,,68,,,,,,,,,68,,,68,,,,,,,,,,,,,,,,,67,,,70,,,70,,67,,,,,,,,,,68
"Unit 3 Exponents and Scientific Notation","Lesson 3.5 Applying Exponent Laws","Identify equivalent expressions involving exponents I",VLM,,,71,,,,,,,,70,70,,,,,,,,,68,,,73,,,,,,71,,,,,,,,,71,,,69,,,,,,,,,,,,,,,,,71,,,67,,,39,,70,,,,,,,,,,68
"Unit 3 Exponents and Scientific Notation","Lesson 3.6 Evaluating Numerical Expressions with Integer Exponents","Evaluate expressions using properties of exponents",6T7,,,14,,,,,,0,,74,71,,,,,,,,,71,,,56,,,,,,26,,,,,,,,,71,,,26,,,,,,,,,,,,,,,,,69,,,62,,,,,68,,,,,,,,,,70
"Unit 3 Exponents and Scientific Notation","Lesson 3.7 Equivalent Expressions","Identify equivalent expressions involving exponents II",QDM,,,,,,,,,,,67,70,,,,,,,,,71,,,,,,,,,39,,,,,,,,,69,,,,,,,,,,,,,,,,,,,,63,,,70,,,,,0,,,,,,,,,,70
"Unit 3 Exponents and Scientific Notation","Lesson 3.8 Writing Large Numbers in Scientific Notation","Convert between standard and scientific notation: large numbers",2AL,,,,,,,,,,,70,71,,,,,,,,,71,,,52,,,,,,72,,,,,,,,,71,,,,,,,,,,,,,,,,,,,,0,,,70,,,,,71,,,,,,,,,,70
"Unit 3 Exponents and Scientific Notation","Lesson 3.8 Writing Large Numbers in Scientific Notation","Compare large numbers",WEZ,,,,,,,,,,,67,72,,,,,,,,,69,,,,,,,,,72,,,,,,,,,72,,,,,,,,,,,,,,,,,,,,68,,,67,,,,,75,,,,,,,,,,81,,,,,,45
"Unit 3 Exponents and Scientific Notation","Lesson 3.8 Writing Large Numbers in Scientific Notation","Powers of ten",LJQ,,,,,,,,,71,,70,67,,,,,,,,,70,,,70,,70,,,,70,,,,,,,,,,,,,,,,,,,,,,,,,,,,,100,,,74,,,,,71,,,,,,,,,,100,,,,,,70
"Unit 3 Exponents and Scientific Notation","Lesson 3.9 Writing Small Numbers in Scientific Notation","Convert between standard and scientific notation: small numbers",85M,,,,,,,,,,,71,,,,,,,,,,71,,,,,,,,,70,,,,,,,,,69,,,,,,,,,,,,,,,,,,,,,,,68,,,,,70,,,,,,,,,,83
"Unit 3 Exponents and Scientific Notation","Lesson 3.9 Writing Small Numbers in Scientific Notation","Compare small numbers",KDR,,,,,,,,,,,71,67,,,,,,,,,69,,,,,,,,,70,,,,,,,,,69,,,,,,,,,,,,,,,,,,,,69,,,69,,,,,68,,,,,,,,,,71,,28
"Unit 3 Exponents and Scientific Notation","Lesson 3.9 Writing Small Numbers in Scientific Notation","Powers of ten with negative exponents",SKD,,,,,,,,,14,,71,69,,,,,,,,,67,,,30,,,,,,70,,,,,,,,,,,,,,,,,,,,,,,,,,,,,71,,,70,,,,,12,,,,,,,,,,73
"Unit 4 Solving Problems with Rational Numbers","Lesson 4.1 Adding and Subtracting Numbers Expressed in Scientific Notation","Add and subtract numbers written in scientific notation",HUR,,,,,,,,,,,67,68,,,,,,,,,,,,,,,,,,67,,,,,,,,,70,,,,,,,,,,,,,,,,,,,,,,,65,,,,,,,,,,,,,,,27
"Unit 4 Solving Problems with Rational Numbers","Lesson 4.2 Multiplying Numbers Expressed in Scientific Notation","Multiply numbers written in scientific notation",YZU,,,,,,,,,,,67,68,,,,,,,,,,,,,,,,,,68,,,,,,,,,68,,,,,,,,,,,,,,,,,,,,,,,,,,,,,,,,,,,,,,100
"Unit 4 Solving Problems with Rational Numbers","Lesson 4.3 Dividing Numbers Expressed in Scientific Notation","Divide numbers written in scientific notation",SGT,,,,,,,,,,,67,38,,,,,,,,,,,,,,,,,,68,,,,,,,,,,,,,,,,,,,,,,,,,,,,,,,,,,,,,,,,,,,,,,,100
"Unit 4 Solving Problems with Rational Numbers","Lesson 4.4 Solving Real-World Problems Involving Numbers Expressed in Scientific Notation","Add, subtract, multiply, and divide numbers written in scientific notation: word problems",D5S,,,,,,,,,0,,70,0,,,,,,,,,,,,,,,,,,27,,,,,,,,,,,,,,,,,,,,,,,,,,,,,,,,,,,,,,,,,,,,,,,55
"Unit 4 Solving Problems with Rational Numbers","Lesson 4.5: Evaluating Expressions with Radicals / Lesson 4.6: Evaluating Expressions Using the Order of Operations","Evaluate radical expressions",D8J,,,,,,,,,,,68,67,,,,,,,,,,,,,,,,,,68,,,,,,,,,,,,,,,,,,,,,,,,,,,,,,,,,,,,,,,,,,,,,,,100
"Unit 4 Solving Problems with Rational Numbers","Lesson 4.7: Evaluating Real-World Problems Using the Order of Operations - Part 1 / Lesson 4.8: Evaluating Real-World Problems Using the Order of Operations - Part 2","Evaluate variable expressions: word problems",DPG,,,,,,,,,,,67,73,,,,,,,,,,,,,,,,,,73,,,,,,,,,,,,,,,,,,,,,,,,,,,,,,,,,,,,,,,,,,,,,,,100
"Unit 5 Solving Multi-Step Problems with Proportional Relationships","Lesson 5.1 Scale Drawings","Scale drawings: find the scale factor, missing side, or missing angle",WEA,,,,,,,,,0,,39,,,,,,,,,,,,,,,,,,,18,,,,,,,,,,,,,,,,,,,,,,,,,,,,,,,,,,,,,,,,,,,,,,,38
"Unit 5 Solving Multi-Step Problems with Proportional Relationships","Lesson 5.2 Scale Factors - Perimeter & Area","Perimeter and area: changes in scale",ZC6,,,,,,,,,,,,,,,,,,,,,,,,,,,,,,,,,,,,,,,,,,,,,,,,,,,,,,,,,,,,,,,,,,,,,,,,,,,,,74
"Unit 5 Solving Multi-Step Problems with Proportional Relationships","Lesson 5.3 Solving Problems Involving Perimeter and Area of Geometric Figures","Scale drawings: find the scale factor or missing side",XHM
"Unit 5 Solving Multi-Step Problems with Proportional Relationships","Lesson 5.4 Solving Problems Involving Real-World Scale Drawings","Scale drawings: word problems",84H,,,,,,,,,0
"Unit 5 Solving Multi-Step Problems with Proportional Relationships","Lesson 5.4 Solving Problems Involving Real-World Scale Drawings","Scale drawings: scale factor word problems",KCM
"Unit 5 Solving Multi-Step Problems with Proportional Relationships","Lesson 5.7: Converting Units of Length / Lesson 5.8: Converting Mass and Area / Lesson 5.9: Converting Units of Volume","Convert between customary and metric systems",E8Z,,,,,,,,,,,,,,,,,,,,,,,,,,,,,,,,,,,,,,,,,,,,,,,,,,,,,,,,,,,,,,,,,,,,,,,,,,,,,70
"Unit 5 Solving Multi-Step Problems with Proportional Relationships","Lesson 5.7: Converting Units of Length / Lesson 5.8: Converting Mass and Area / Lesson 5.9: Converting Units of Volume","Compare and convert customary units",4B8,,,,,,,,,,,,,,,,,,,,,,,,,,,,,,,,,,,,,,,,,,,,,,,,,,,,,,,,,,,,,,,,,,,,,,,,,,,,,48
"Unit 5 Solving Multi-Step Problems with Proportional Relationships","Lesson 5.7: Converting Units of Length / Lesson 5.8: Converting Mass and Area / Lesson 5.9: Converting Units of Volume","Compare and convert metric units",HW2,,,,,,,,,,,,,,,,,,,,,,,,,,,,,,,,,,,,,,,,,,,,,,,,,,,,,,,,,,,,,,,,,,,,,,,,,,,,,67
"Unit 5 Solving Multi-Step Problems with Proportional Relationships","Lesson 5.10: Exploring Multi-Step Proportion Problems / Lesson 5.11: Solving Multi-Step Proportion Problems","Compare rates: word problems",VVS,,,,,,,,,,,,,,,,,,,,,,,,,,,,,,,,,,,,,,,,,,,,,,,,,,,,,,,,,,,,,,,,,,,,,,,,,,,,,75
"Unit 5 Solving Multi-Step Problems with Proportional Relationships","Lesson 5.10: Exploring Multi-Step Proportion Problems / Lesson 5.11: Solving Multi-Step Proportion Problems","Multi-step problems with customary or metric unit conversions",UCT
"Unit 6 Relationships in Triangles","Lesson 6.1: The Triangle Inequality Theorem and the Converse of the Pythagorean Theorem / Lesson 6.2: Applying the Triangle Inequality Theorem","Triangle inequality",2N5
"Unit 6 Relationships in Triangles","Lesson 6.1: The Triangle Inequality Theorem and the Converse of the Pythagorean Theorem / Lesson 6.2: Applying the Triangle Inequality Theorem","Converse of the Pythagorean theorem: is it a right triangle?",EQZ,,,,,,,,,51
"Unit 6 Relationships in Triangles","Lesson 6.3 Pythagorean Theorem","Pythagorean theorem: find the missing leg or hypotenuse length",MTM
"Unit 6 Relationships in Triangles","Lesson 6.4 Using the Pythagorean Theorem to Solve Real-World Problems","Pythagorean theorem: word problems",87U
"Unit 6 Relationships in Triangles","Lesson 6.5 Finding Distances on the Coordinate Plane","Find the distance between two points on a horizontal or vertical line",L9V
"Unit 6 Relationships in Triangles","Lesson 6.5 Finding Distances on the Coordinate Plane","Find the distance between two points",ZBP
"Unit 6 Relationships in Triangles","Lesson 6.6 Solving Real-World Problems on a Coordinate Plane with the Pythagorean Theorem","Pythagorean theorem: find the perimeter",VGE,,,,,,,,,0
"Unit 6 Relationships in Triangles","Lesson 6.7 Proportional Relationships and Similar Triangles","Side lengths of similar triangles",QSK
"Unit 6 Relationships in Triangles","Lesson 6.8 Solving Real-World Problems Using Similar Triangles","Similar triangles and indirect measurement",88W
"Unit 6 Relationships in Triangles","Lesson 6.8 Solving Real-World Problems Using Similar Triangles","Identify similar triangles",6PD
"Unit 7 Representing Proportional Relationships","Lesson 7.1 Graphing Proportional Relationships","Graph a proportional relationship: word problems",FJW
"Unit 7 Representing Proportional Relationships","Lesson 7.2 Constant of Proportionality - Part 1","Interpret graphs of proportional relationships",RMH
"Unit 7 Representing Proportional Relationships","Lesson 7.2 Constant of Proportionality - Part 1","Find the constant of proportionality from a table",LKZ,,,,,,,,,,,,,,,,,,,,,,,,,,,,,,,,,,,,,,,,,,,,,,,,,,,,,,,,,,,,,,,,,,,,,,,,,,,,,,,,,,,,,,,,,,,83
"Unit 7 Representing Proportional Relationships","Lesson 7.2 Constant of Proportionality - Part 1","Find the constant of proportionality from a graph",ZUT
"Unit 7 Representing Proportional Relationships","Lesson 7.4 Determining if Relationships are Proportional","Identify proportional relationships by graphing",AAN
"Unit 7 Representing Proportional Relationships","Lesson 7.4 Determining if Relationships are Proportional","Identify proportional relationships in tables and graphs",VZK
"Unit 7 Representing Proportional Relationships","Lesson 7.5 Representing Proportional Relationships with Equations","Write equations for proportional relationships from tables",6GU
"Unit 7 Representing Proportional Relationships","Lesson 7.5 Representing Proportional Relationships with Equations","Write equations for proportional relationships from graphs",JKH,,,,,,,,,,,,,,,,,,,,,,,,,,,,,,,,,,0
"Unit 7 Representing Proportional Relationships","Lesson 7.5 Representing Proportional Relationships with Equations","Write and solve equations for proportional relationships",VKK
"Unit 7 Representing Proportional Relationships","Lesson 7.7 Putting It All Together","Compare proportional relationships represented in different ways",5A9
"Unit 8 Relationships in Circles","Lesson 8.1: Exploring Relationships in Circles / Lesson 8.2: Finding Circumference","Center, radius, and diameter of a circle",7RY,,81,,,,,,,,,,,71
"Unit 8 Relationships in Circles","Lesson 8.1: Exploring Relationships in Circles / Lesson 8.2: Finding Circumference","Circumference of circles",9FM,,65
"Unit 8 Relationships in Circles","Lesson 8.3 Finding Radius and Diameter","Find the radius or diameter of a circle given the circumference",2CM,,73
"Unit 8 Relationships in Circles","Lesson 8.5 Finding the Area of a Circle","Area of circles",YA8,,60,,,,,,,,,,,,,,,0,,,,,,,9,,,,,,,,,,,,,,,,,,,,,,,,,,,,54
"Unit 8 Relationships in Circles","Lesson 8.6 Using Circumference and Area to Solve Problems","Circles: word problems",P56,,21,,,,,,,,,,,,,,,,,,,,,,,,,,,,,,,,,,,,,,,,,,,,,,,,,,,,,,,,,,,,,,,,,,,,,,,,,,,,,,0
"Unit 8 Relationships in Circles","Lesson 8.8 Sectors of a Circle","Use fractions to find the measure of an angle",V76
"Unit 8 Relationships in Circles","Lesson 8.9 Creating and Interpreting Circle Graphs","Circle graphs and central angles",KXS
"Unit 8 Relationships in Circles","Lesson 8.9 Creating and Interpreting Circle Graphs","Interpret circle graphs",WNJ
"Unit 9 Surface Area and Volume","Lesson 9.1 Finding Surface Area of Right Circular Cylinders Using Nets","Nets of three-dimensional figures",3R2,,,,,,,,,,,,,,,,,,,,,,,,100
"Unit 9 Surface Area and Volume","Lesson 9.2 Finding Surface Area of Right Circular Cylinders","Surface area of cylinders",CYQ,,,,,,,,,,,,,,,,,,,,,,,,0
"Unit 9 Surface Area and Volume","Lesson 9.2 Finding Surface Area of Right Circular Cylinders","Lateral area of cylinders",C8K
"Unit 9 Surface Area and Volume","Lesson 9.4 Volume of Right Circular Cylinders","Volume of cylinders",FHC
"Unit 10 Linear Relationships","Lesson 10.1 Proportional Relationships","Find the constant of proportionality from a table",ZCK
"Unit 10 Linear Relationships","Lesson 10.1 Proportional Relationships","Identify proportional relationships by graphing",RXD
"Unit 10 Linear Relationships","Lesson 10.1 Proportional Relationships","Identify proportional relationships",Z64
"Unit 10 Linear Relationships","Lesson 10.1 Proportional Relationships","Write equations for proportional relationships from tables and graphs",VXM
"Unit 10 Linear Relationships","Lesson 10.1 Proportional Relationships","Interpret graphs of proportional relationships",Q96
"Unit 10 Linear Relationships","Lesson 10.2 Exploring Slope","Find the slope from two points",ZAC
"Unit 10 Linear Relationships","Lesson 10.2 Exploring Slope","Find the slope from a table",GSB
"Unit 10 Linear Relationships","Lesson 10.3 Finding Slope Using Graphs and Tables","Find the slope from a graph",Q94
"Unit 10 Linear Relationships","Lesson 10.3 Finding Slope Using Graphs and Tables","Find the slope from a table",GSB
"Unit 10 Linear Relationships","Lesson 10.4 Slope in Real-World Contexts","Rate of change of a linear function: graphs",ZPF
"Unit 10 Linear Relationships","Lesson 10.4 Slope in Real-World Contexts","Rate of change of a linear function: tables",8FE
"Unit 10 Linear Relationships","Lesson 10.5 Exploring Equations of Lines in Slope-Intercept Form","Slope-intercept form: find the slope and y-intercept",U55
"Unit 10 Linear Relationships","Lesson 10.5 Exploring Equations of Lines in Slope-Intercept Form","Graph a line using slope",FSV
"Unit 10 Linear Relationships","Lesson 10.5 Exploring Equations of Lines in Slope-Intercept Form","Graph a line from an equation in slope-intercept form",W5E
"Unit 10 Linear Relationships","Lesson 10.5 Exploring Equations of Lines in Slope-Intercept Form","Write a linear equation from a slope and y-intercept",WHP
"Unit 10 Linear Relationships","Lesson 10.5 Exploring Equations of Lines in Slope-Intercept Form","Compare linear functions: tables, graphs, and equations",N7D
"Unit 10 Linear Relationships","Lesson 10.6 Graphing Lines from Tables and Real-World Contexts","Complete a table and graph a linear function",DC2
"Unit 10 Linear Relationships","Lesson 10.6 Graphing Lines from Tables and Real-World Contexts","Complete a table and make a graph: word problems",T7R
"Unit 10 Linear Relationships","Lesson 10.6 Graphing Lines from Tables and Real-World Contexts","Complete a table for a linear function",D9B
"Unit 10 Linear Relationships","Lesson 10.6 Graphing Lines from Tables and Real-World Contexts","Graph a line from an equation in standard form",7MZ
"Unit 10 Linear Relationships","Lesson 10.7 Interpreting Linear Relationships from Graphs and Equations","Interpret the slope and y-intercept of a linear function",H5B
"Unit 10 Linear Relationships","Lesson 10.7 Interpreting Linear Relationships from Graphs and Equations","Interpret points on the graph of a linear function",9E8
"Unit 10 Linear Relationships","Lesson 10.9 Writing Equations of Linear Relationships","Write a linear equation from a graph",WHM
"Unit 10 Linear Relationships","Lesson 10.9 Writing Equations of Linear Relationships","Write a linear function from a table",UYY
"Unit 10 Linear Relationships","Lesson 10.9 Writing Equations of Linear Relationships","Write a linear equation from a slope and a point",VKP
"Unit 10 Linear Relationships","Lesson 10.9 Writing Equations of Linear Relationships","Write a linear equation from two points",2R9
"Unit 10 Linear Relationships","Lesson 10.10 Writing Equations for Real-World Contexts","Write linear functions: word problems",YK6
"Unit 11 Solving Equations and Systems of Equations","Lesson 11.1 Solving Equations","Solve equations involving like terms",Q2B,,,,,,,,,,,,,,,,,,,,,,,,36
"Unit 11 Solving Equations and Systems of Equations","Lesson 11.1 Solving Equations","Solve equations using the distributive property",QWE
"Unit 11 Solving Equations and Systems of Equations","Lesson 11.1 Solving Equations","Solve two-step equations: word problems",8CZ
"Unit 11 Solving Equations and Systems of Equations","Lesson 11.2 Solving Equations with Variables on Both Sides","Solve equations with variables on both sides",ZYL
"Unit 11 Solving Equations and Systems of Equations","Lesson 11.3 Solutions to Linear Equations","Find the number of solutions",XDE
"Unit 11 Solving Equations and Systems of Equations","Lesson 11.3 Solutions to Linear Equations","Create equations with no solutions or infinitely many solutions",7TY
"Unit 11 Solving Equations and Systems of Equations","Lesson 11.4 Solving Multi-Step Equations","Solve multi-step equations",55K
"Unit 11 Solving Equations and Systems of Equations","Lesson 11.4 Solving Multi-Step Equations","Solve multi-step equations: complete the solution",PGH
"Unit 11 Solving Equations and Systems of Equations","Lesson 11.4 Solving Multi-Step Equations","Solve equations: mixed review",HZZ
"Unit 11 Solving Equations and Systems of Equations","Lesson 11.5: Introduction to Systems of Two Linear Equations / Lesson 11.6: Solutions to Systems of Equations","Is (x, y) a solution to the system of equations?",N46
"Unit 11 Solving Equations and Systems of Equations","Lesson 11.5: Introduction to Systems of Two Linear Equations / Lesson 11.6: Solutions to Systems of Equations","Find the number of solutions to a system of equations by graphing",AGZ
"Unit 11 Solving Equations and Systems of Equations","Lesson 11.5: Introduction to Systems of Two Linear Equations / Lesson 11.6: Solutions to Systems of Equations","Solve a system of equations in slope-intercept form",9Z8
"Unit 11 Solving Equations and Systems of Equations","Lesson 11.7 Solving Systems by Graphing","Solve a system of equations by graphing",C8X
"Unit 11 Solving Equations and Systems of Equations","Lesson 11.7 Solving Systems by Graphing","Write a system of equations given a graph",TS7
"Unit 11 Solving Equations and Systems of Equations","Lesson 11.8 Solving Systems of Equations by Graphing for Real-World Contexts","Solve a system of equations by graphing: word problems",W9J
"Unit 12 Functions","Lesson 12.1 Exploring Relations","Relations: convert between mappings, tables, graphs, and ordered pairs",LQJ,,,,,,,,,,,,,,,,,,,,,,,,79
"Unit 12 Functions","Lesson 12.2 Identifying Domain and Range","Domain and range of relations",T7P,,,,,,,,,,,,,,,,,,,,42,,,,100
"Unit 12 Functions","Lesson 12.3 Is It a Function?","Identify functions",JT2,,,,,,,,,,,,,,,,,,,,,,,,70
"Unit 12 Functions","Lesson 12.3 Is It a Function?","Identify functions: graphs",AEB,,,,,,,,,,,,,,,,,,,,,,,,69
"Unit 12 Functions","Lesson 12.3 Is It a Function?","Identify independent and dependent variables",FSF,,,,,,,,,,,,,,,,,,,,,,,,19
"Unit 12 Functions","Lesson 12.4: Interpreting Graphs of Functions / Lesson 12.5: Sketching Graphs of Functions / Lesson 12.6: Analyzing Descriptions and Graphs","Identify graphs: word problems",HWC,,,,,,,,,,,,,,,,,,,,,,,,71
"Unit 12 Functions","Lesson 12.7 Exploring Functions Using Equations, Tables, and Graphs","Complete a function table from an equation",ESE,,,,,,,,,,,,,,,,,,,,,,,,68
"Unit 12 Functions","Lesson 12.7 Exploring Functions Using Equations, Tables, and Graphs","Complete a table for a function graph",7EK,,,,,,,,,,,,,,,,,,,,,,,,71
"Unit 12 Functions","Lesson 12.7 Exploring Functions Using Equations, Tables, and Graphs","Find values using function graphs",7N2,,,,,,,,,,,,,,,,,,,,,,,,68
"Unit 12 Functions","Lesson 12.8 Is it Linear?","Identify linear and nonlinear functions: graphs and equations",XB8,,,,,,,,,,,,,,,,,,,,,,,,72
"Unit 12 Functions","Lesson 12.9 Using Tables to Determine if a Function is Linear","Identify linear and nonlinear functions: tables",VGS,,,,,,,,,,,,,,,,,,,,,,,,51
"Unit 13 Representing Data","Lesson 13.1 Representing Real-World Contexts with Graphs","Choose the best type of graph",VP6,,,,,,,,,,,,,,,,,,,,,,,,0
"Unit 13 Representing Data","Lesson 13.2 Creating Displays for Numerical Data","Create dot plots",22B,,,,,,,,,,,,,,,,,,,,,,,,72
"Unit 13 Representing Data","Lesson 13.2 Creating Displays for Numerical Data","Create stem-and-leaf plots",8AP,,,,,,,,,,,,,,,,,,,,,,,,75
"Unit 13 Representing Data","Lesson 13.2 Creating Displays for Numerical Data","Create histograms",LGG,,,,,,,,,,,,,,,,,,,,,,,,70
"Unit 13 Representing Data","Lesson 13.2 Creating Displays for Numerical Data","Box plots",SKN,,,,,,,,,,,,,,,,,,,,,,,,63
"Unit 13 Representing Data","Lesson 13.2 Creating Displays for Numerical Data","Create and interpret dot plots with fractions",SHS,,,,,,,,,,,16,,,,,,,,,,,,,68,,,,,,,,,,9
"Unit 13 Representing Data","Lesson 13.3 Creating Displays for Categorical Data","Create bar graphs",E76,,,,,,,,,,,,,,,,,,,,,,,,81,,,,,,,,,,,,,,,,,,,,,,,,,,,,,,,,,,,,,,,,,,,,,,,61
"Unit 13 Representing Data","Lesson 13.5 Constructing Line Graphs","Create line graphs",ERM,,,,,,,,,,,,,,,,,,,,,,,,81
"Unit 13 Representing Data","Lesson 13.5 Constructing Line Graphs","Interpret line graphs",TGQ,,,,,,,,,,,,,,,,,,,,,,,,81
"Unit 13 Representing Data","Lesson 13.6 Constructing Scatter Plots","Create scatter plots",AVL,,,,,,,,,,,,,,,,,,,,,,,,83
"Unit 13 Representing Data","Lesson 13.6 Constructing Scatter Plots","Describe scatter plots",CG8,,,,,,,,,,,,,,,,,,,,,,,,75
"Unit 13 Representing Data","Lesson 13.6 Constructing Scatter Plots","Describe associations between two variables using scatter plots",9ER,,,,,,,,,,,,,,,,,,,,,,,,35
"Unit 13 Representing Data","Lesson 13.7: Informally Fitting a Line to Bivariate Data / Lesson 13.8: Scatter Plots and Lines of Fit","Outliers in scatter plots",RP8,,,,,,,,,,,,,,,,,,,,,,,,83
"Unit 13 Representing Data","Lesson 13.7: Informally Fitting a Line to Bivariate Data / Lesson 13.8: Scatter Plots and Lines of Fit","Identify lines of best fit",BG7,,,,,,,,,,,,,,,,,,,,,,,,36
"Unit 13 Representing Data","Lesson 13.7: Informally Fitting a Line to Bivariate Data / Lesson 13.8: Scatter Plots and Lines of Fit","Make predictions with scatter plots",CM7,,,,,,,,,,,,,,,,,,,,,,,,72
"Unit 13 Representing Data","Lesson 13.9 Interpreting Linear Equations Fit to Bivariate Data","Interpret lines of best fit: word problems",9DW,,,,,,,,,,,,,,,,,,,,,,,,71
"Unit 13 Representing Data","Lesson 13.9 Interpreting Linear Equations Fit to Bivariate Data","Write equations for lines of best fit",ZQ6
"Unit 14 Equivalent Algebraic Expressions","Lesson 14.1 Applying Exponent Laws to Algebraic Expressions - Part 1","Multiply powers: variable bases",TR9,,,,,,,,,,,,,,,,,,,,,,,,0,,,,,,,,,,,,,,54
"Unit 14 Equivalent Algebraic Expressions","Lesson 14.1 Applying Exponent Laws to Algebraic Expressions - Part 1","Powers of a power: variable bases",2CU
"Unit 14 Equivalent Algebraic Expressions","Lesson 14.2 Applying Exponent Laws to Algebraic Expressions - Part 2","Divide monomials with positive exponents",C8L
"Unit 14 Equivalent Algebraic Expressions","Lesson 14.3 Algebraic Expressions with Negative Exponents","Variables with negative exponents",2NL
"Unit 14 Equivalent Algebraic Expressions","Lesson 14.4 Applying Multiple Laws of Exponents","Multiply and divide powers: variable bases",85P
"Unit 14 Equivalent Algebraic Expressions","Lesson 14.5: Applying the Distributive Property with Variables / Lesson 14.6: Multiplying Algebraic Expressions","Multiply using the distributive property: area models",8P3
"Unit 14 Equivalent Algebraic Expressions","Lesson 14.5: Applying the Distributive Property with Variables / Lesson 14.6: Multiplying Algebraic Expressions","Multiply linear expressions with rational coefficients",9B9
"Unit 14 Equivalent Algebraic Expressions","Lesson 14.7: Factoring Common Monomial Factors / Lesson 14.8: Rewriting Expressions with Common Monomial Factors","Common monomial factors",K8S
"Unit 14 Equivalent Algebraic Expressions","Lesson 14.7: Factoring Common Monomial Factors / Lesson 14.8: Rewriting Expressions with Common Monomial Factors","Factor out a monomial",BFZ
"Unit 15 Transformations","Lesson 15.1 Slides, Flips, and Spins","Describe how a figure moves",WER,,,,,,,,,,,,,,,,,,,,,,,,100
"Unit 15 Transformations","Lesson 15.1 Slides, Flips, and Spins","Congruence statements and corresponding parts",LPP
"Unit 15 Transformations","Lesson 15.2 Reflections and Rotations","Identify reflections and rotations",S8S,,,,,,,,,71,,,,,,,,,,,,,,,68
"Unit 15 Transformations","Lesson 15.2 Reflections and Rotations","Rotate polygons about a point",A5K
"Unit 15 Transformations","Lesson 15.3 Translations","Identify translations",HJ9
"Unit 15 Transformations","Lesson 15.3 Translations","Translations: graph the image",XUS
"Unit 15 Transformations","Lesson 15.3 Translations","Translations: find the coordinates",RUP
"Unit 15 Transformations","Lesson 15.4 Reflections on the Coordinate Plane","Reflections: graph the image",QLJ
"Unit 15 Transformations","Lesson 15.4 Reflections on the Coordinate Plane","Reflections: find the coordinates",AQ8
"Unit 15 Transformations","Lesson 15.5 Rotations on the Coordinate Plane","Rotations: graph the image",AC9
"Unit 15 Transformations","Lesson 15.5 Rotations on the Coordinate Plane","Rotations: find the coordinates",HHS
"Unit 15 Transformations","Lesson 15.6 Describing Rigid Transformations","Describe transformations",VAY
"Unit 15 Transformations","Lesson 15.6 Describing Rigid Transformations","Determine if two figures are congruent: justify your answer",HJU
"Unit 15 Transformations","Lesson 15.7 Dilations","Classify dilations",JTS
"Unit 15 Transformations","Lesson 15.7 Dilations","Scaled polygons",9ZA
"Unit 15 Transformations","Lesson 15.8 Dilations on the Coordinate Plane","Dilations: graph the image",9T4
"Unit 15 Transformations","Lesson 15.8 Dilations on the Coordinate Plane","Dilations: find the coordinates",UV9
"Unit 15 Transformations","Lesson 15.8 Dilations on the Coordinate Plane","Similar and congruent figures",U85,,,,,,,,,,,,,,,,,,,,,,,,,,,,,,,,,,,,,,,,,,,,,,,,,,,,,,,,,,,,,,,,,,,28
"Unit 15 Transformations","Lesson 15.8 Dilations on the Coordinate Plane","Determine if two figures are similar: justify your answer",CWB
"Unit 15 Transformations","Lesson 15.9 Scale Factors of Dilations","Dilations: find the scale factor",8NK
"Unit 16 Properties and Theorems of Angles","Lesson 16.1 Angle Relationships","Identify complementary, supplementary, vertical, adjacent, and congruent angles",HGV,,,,,,,,,0,,,,,,,,,,,,,,,60,,,,,,,,,,,,,,,,,,,,,,,,,,,,,,,,,,,,,,,,,,,,,,,,,,,,39
"Unit 16 Properties and Theorems of Angles","Lesson 16.1 Angle Relationships","Find measures of complementary, supplementary, vertical, and adjacent angles",R2B
"Unit 16 Properties and Theorems of Angles","Lesson 16.1 Angle Relationships","Write and solve equations using angle relationships",DBV
"Unit 16 Properties and Theorems of Angles","Lesson 16.2 Angle Relationships in Triangles","Find missing angles in triangles",JFJ
"Unit 16 Properties and Theorems of Angles","Lesson 16.2 Angle Relationships in Triangles","Exterior Angle Theorem",FMP
"Unit 16 Properties and Theorems of Angles","Lesson 16.2 Angle Relationships in Triangles","Triangle Angle-Sum Theorem",6Q6
"Unit 16 Properties and Theorems of Angles","Lesson 16.3 Interior Angles of a Polygon","Interior angles of polygons",JBP
"Unit 17 Probability","Lesson 17.1 Determining Sample Space Using Lists and Tree Diagrams","Compound events: find the number of outcomes",P5R,,,,,,,,,0,,,,,,,,,,,,,,,,,,,,,0,,,,,,,,,,,,,,,,,,,,,,,,,,,,,,,,,,,,100,,,,,,,,,,80,14,,,,,,100
"Unit 17 Probability","Lesson 17.1 Determining Sample Space Using Lists and Tree Diagrams","Samples spaces for repeated events",AGW,,,,,,,,,,,,,,,,,,,,,,,,,,,,,,,,,,,,,,,,,,,,,,,,,,,,,,,,,,,,,,,,,,28,,,,,,,,,,,100
"Unit 17 Probability","Lesson 17.2 Calculating Theoretical Probability","Probability of repeated experiments",BDZ
"Unit 17 Probability","Lesson 17.2 Calculating Theoretical Probability","Probability of simple events",5ZY
"Unit 17 Probability","Lesson 17.3 Calculating Theoretical Probability of Compound Events","Experimental probability",FRL
"Unit 17 Probability","Lesson 17.4: Applying Proportional Reasoning to Probability / Lesson 17.5: Solving Problems Using Probability / Lesson 17.6: Making Predictions","Make predictions",38C,,,,,,,,,,,,,,,,,,,,,,,,,,,,,,,,,,,,,,,,,,,,,,,,,,,,,,,,0,,,,,,,,,,,,,,,,,,,,,,,,,,,0
"Unit 17 Probability","Lesson 17.4: Applying Proportional Reasoning to Probability / Lesson 17.5: Solving Problems Using Probability / Lesson 17.6: Making Predictions","Write a discrete probability distribution",ELU
