Unit,,,Skill name,Permanent Skill ID,"GREER PRYOR","BLAKE ABBOTT","SAGE COBB","MORGAN ELKINS","ELLIS UNDERHILL","WREN VANCE","HARPER SUTTER","REMY LOWELL","QUINN ASHBY","FLYNN GARLAND","PEYTON KELLEN","AVERY MERCER","WINTER ZELLER","DAKOTA QUILL","NOOR YORK","KAI PELL","BELLAMY ORME","CASEY UPTON","SKYLER FAIRLEY","MICAH BRIGHTWATER","LOGAN STODDARD","REESE NORWOOD","TATUM EASTON","TOBY DORSEY","JULES ORME78","PEYTON79 JESSUP80","PHOENIX81 HALE82","LOGAN83 INGRAM84","EMERSON85 RAMSEY86","DAKOTA87 QUILL88","HAYDEN89 MERCER90","DAKOTA LATTIMER91","ZION92 KIRBY93","MARLOW94 UPTON95","PHOENIX96 UNDERHILL97","EMERSON98 TOLLIVER99","PHOENIX10 TOLLIVER99","TOBY11 KIRBY12","ZANE13 VOSS14","OAKLEY15 VOSS14","SUTTON16 MERCER17","DAKOTA18 HOLLIS19","TAYLOR20 ELKINS21","EVERLY22 SUTTER23","LENNOX24 OAKES25","WREN26 ORME27","EMERSON28 VOSS29","YAEL30 UPTON31","QUINN32 LOWELL33","EVERLY34 TOLLIVER35","NOOR36 SUTTER37","PARKER38 RHODES39","YAEL40 PELL41","PHOENIX42 ELKINS43","ZANE44 QUILL45","ARDEN46 PELL47","WREN48 LATTIMER49","EVERLY50 RHODES51","CAMERON52 PRYOR53","TATUM54 VANCE55","YAEL40 NASH56","PEYTON79 ABBOTT57","JULES58 ASHBY59","BELLAMY60 UNDERHILL61","OAKLEY15 ORME62","VAL63 DORSEY64","YAEL40 NORWOOD65","FINLEY66 RAMSEY67","SUTTON68 IVERSON69","RORY70 SUTTER71","REESE72 GARLAND73","EMERSON74 UNDERHILL75","MORGAN76 VOSS77","ARDEN78 QUILL79","ARDEN80 HOLLIS81","MARLOW82 MERCER83","TATUM HOLLIS84","CASEY85 ORME86","HAYDEN87 UNDERHILL88","LOGAN89 ASHBY90","TOBY91 COBB92","PEYTON93 UPTON94","RORY95 YORK96","QUINN97 WHITLOCK98","OAKLEY99 CALDER10","JULES11 SUTTER12","JULES13 HALE14","HAYDEN87 QUILL15","ZANE16 QUILL15","HAYDEN17 RAMSEY18","ZION19 RHODES20"
"Unit 1 Introduction","Lesson 1.1 Statistics and Interpreting Data",,"Identify statistical questions",GZX,,,,,,,,81,,,,,,,,,,,,,,,,,,,,,,,,,,,,,,,,,,,,,,,,,,67,37,,,,,,,,,,,,,,,,,,,,,,,,,,,,,,,,26,,,,,63
"Unit 1 Introduction","Lesson 1.1 Statistics and Interpreting Data",,"Interpret dot plots",W92,,,,,,,,81,,,,,,,,,,,,,,,,,,,,,,,,,,,,,,,,,,,,,,,,,,,,,,,,,,,,,,,,,,,,,,,,,,,,,,,,,,,,,,,,62
"Unit 1 Introduction","Lesson 1.1 Statistics and Interpreting Data",,"Interpret histograms",XMF,,,,,,,,,,,,,,,,,,,,,,,,,,,,,,,,,,,,,,,,,,,,,,,,,,,,,,,,,,,,,,,,,,,,,,,,,,,,,,,,,,,,,,,,64
"Unit 1 Introduction","Lesson 1.2 Ratio Relationships","Ratios","Understanding ratios",ZTC,,,,,,,,,,,,,19,,,,,,,,,,,,,,,,,,,,,,,,,,,,,,,,,,82,,,,,,,,,75,68,,,,,,,,,,,,,,,,72,,,,,,,,,,10,,,,,72
"Unit 1 Introduction","Lesson 1.2 Ratio Relationships","Ratios","Ratio tables",FN6,,,,,,,,,,,,,,,,,,,,,,,,,,,,,,,,,,,,,,,,,,,,,,,,,,,,,,,,,59,,,,,,,,,,,,,,,,,,,,,,,,,,,,,,,60
"Unit 1 Introduction","Lesson 1.2 Ratio Relationships","Unit rates","Unit rates",2NB,,,,,,,,,,,,,,,,,,,,,,,,,,,,,,,,,,,,,,,,,,,,,,,,,,,,,,,,,,,,,,,,,,,,,,,,,,,,,,,,,,,,,,47,,37
"Unit 1 Introduction","Lesson 1.2 Ratio Relationships","Word problems","Use tape diagrams to solve ratio word problems",DKD
"Unit 1 Introduction","Lesson 1.2 Ratio Relationships","Word problems","Solve percent problems using strip models",9XC
"Unit 1 Introduction","Lesson 1.3 Rational Numbers and Absolute Value","Rational numbers","Rational numbers on number lines",HA9
"Unit 1 Introduction","Lesson 1.3 Rational Numbers and Absolute Value","Rational numbers","Compare and order rational numbers using number lines",4D5
"Unit 1 Introduction","Lesson 1.3 Rational Numbers and Absolute Value","Rational numbers","Put rational numbers in order",28Y
"Unit 1 Introduction","Lesson 1.3 Rational Numbers and Absolute Value","Absolute value","Understanding absolute value",6PJ,,,,,,,,,,,,,9,,,,,,,,,,,,,,,,,,,,,,,,,,,,,,,,,,100
"Unit 1 Introduction","Lesson 1.3 Rational Numbers and Absolute Value","Absolute value","Absolute value and opposite integers",NSB,,,,,,,,,,,,,,,,,,,,,,,,,,,,,,,,,,,,,,,,,,,,,,,100
"Unit 1 Introduction","Lesson 1.3 Rational Numbers and Absolute Value","Absolute value","Integer inequalities with absolute values",BTT,,,,0,,,,,,,,,100,,,,,,,,,,,,,,,,,,,,,,,,,,,,,,,,,,0
"Unit 1 Introduction","Lesson 1.3 Rational Numbers and Absolute Value","Absolute value","Absolute value of rational numbers",JCX
"Unit 1 Introduction","Lesson 1.3 Rational Numbers and Absolute Value","Absolute value","Quantities that combine to zero: word problems",7SP
"Unit 1 Introduction","Lesson 1.4 Operations with Integers","Model integer operations","Add and subtract integers using counters",B8X
"Unit 1 Introduction","Lesson 1.4 Operations with Integers","Model integer operations","Add and subtract integers using number lines",S5G
"Unit 1 Introduction","Lesson 1.4 Operations with Integers","Model integer operations","Understand multiplying by a negative integer using a number line",NB8
"Unit 1 Introduction","Lesson 1.4 Operations with Integers","Add, subtract, multiply, and divide integers","Add and subtract integers",FNS,,,,,,,,,,,,,,,,,,,,,,,,,,,,,,,,,,,,,,,,,,,,,,,,,,,,,,,,,,,,,,,100,,,,,,,,,,,,,,,,,,,,,,,,,,,42
"Unit 1 Introduction","Lesson 1.4 Operations with Integers","Add, subtract, multiply, and divide integers","Multiply and divide integers",R8D,,,,,,,,,,,,,,,,,,,,,,,,,,,,,,,,,,,,,,,,,,,,,,,,,,,,,,,,,,,,,,,,,,,,,,,,,,87
"Unit 1 Introduction","Lesson 1.4 Operations with Integers","Add, subtract, multiply, and divide integers","Add, subtract, multiply, and divide integers",B8A
"Unit 1 Introduction","Lesson 1.5 Solving One-Step Equations",,"Model and solve one-step equations using algebra tiles",DVK
"Unit 1 Introduction","Lesson 1.5 Solving One-Step Equations",,"Solve one-step equations",WKM,,,,,,,,,,,,,,,,,,,,,,,,,,,,,,,,,,,,,,,,,,,,,,,,,,,,,,,,,,,,,,,,,,,,,,,,,,,,68
"Unit 1 Introduction","Lesson 1.5 Solving One-Step Equations",,"Which x satisfies the one-step equation?",VWC
"Unit 1 Introduction","Lesson 1.6 Writing and Solving One-Step Equations in Real-World Contexts",,"Which word problem matches the one-step equation?",QUC
"Unit 1 Introduction","Lesson 1.6 Writing and Solving One-Step Equations in Real-World Contexts",,"Solve one-step equations: word problems",PTR
"Unit 2 Probability","Lesson 2.1: Exploring Sample Space / Lesson 2.2: Determining Sample Space",,"Sample spaces of simple events",J6M,,80,,80,100,,80,0,,,,,100,100,92,81,82,80,80,,,,100,,80,,100,83,80,,83,82,81,84,81,80,80,,,100,,,,,,60,,100,,80,100,80,,82,82,83,80,100,,,,,100,80,,100,,,,,100,80,80,80,84,,,,,80,,82,,63,,100,84,100,72,80,100
"Unit 2 Probability","Lesson 2.3 Rewriting Numbers in Equivalent Forms",,"Convert fractions or mixed numbers to decimals",M2D,81,82,81,81,100,,81,,87,81,81,81,100,100,81,82,81,73,82,100,100,80,81,81,82,83,80,80,59,82,81,81,82,81,82,81,81,81,72,100,100,100,86,82,81,100,81,100,100,81,72,81,81,81,81,100,82,100,81,84,80,81,82,82,100,100,81,100,82,82,100,81,82,81,82,81,81,81,100,81,81,74,88,,80,60,80,,81,81,68
"Unit 2 Probability","Lesson 2.3 Rewriting Numbers in Equivalent Forms",,"Convert between mixed numbers and improper fractions",LGK,57,,,,,,,,,,,,,100,,,,,,,100,,,81,,81,,,,68,,,0,,,,,,,,,,100,7,,,81,,100,,10,,,,,,100,,,,,,,,,,,,81,,,,,,,,,,,,,,,,,,64,0,64
"Unit 2 Probability","Lesson 2.3 Rewriting Numbers in Equivalent Forms",,"Convert between percents, fractions, and decimals",2HW,,80,,,,,,,,,,,,100,,,,,,,,,,81,,82,,,,68,79,,,100,,,,,,,,,82,,,,82,49,,,,,,,,87,87,,,,,,100,,,,,,82,,100,,,,,28,,,,,,,,,,,60,84,66
"Unit 2 Probability","Lesson 2.4 Converting Between Repeating Decimals and Fractions",,"Write a repeating decimal as a fraction",W49,83,83,83,83,82,61,100,,83,82,83,83,100,100,83,82,80,60,83,83,100,81,82,83,83,83,100,81,75,81,82,83,83,85,81,83,83,81,71,82,100,100,12,83,81,61,100,100,100,83,68,83,82,83,83,100,91,100,83,83,83,80,83,83,100,100,83,100,71,83,100,83,83,81,81,83,83,82,100,82,83,83,83,64,83,70,83,38,86,82,61
"Unit 2 Probability","Lesson 2.4 Converting Between Repeating Decimals and Fractions",,"Convert decimals to fractions or mixed numbers",HZD,,,,,,,,,,,,,,53,,,,,,,,,,80,,68,,,,33,,,,,,,,,,,,,,,,,83,,,,,,,,,,100,,,,,,,,,,,,,,,,,,,,,,,,,,,,,53,64,,60
"Unit 2 Probability","Lesson 2.5: Probability / Lesson 2.6: Comparing Probabilities",,"Probability of simple events",ZZB,,81,,81,80,,,,,,,,100,100,81,0,81,81,81,,,,82,,80,,,63,,,82,82,81,82,82,81,80,,,80,,,,,,36,,46,,82,60,82,,8,81,80,80,81,,,,,80,80,,100,,,,,86,82,81,81,81,,,,,81,,60,,20,,61,81,64,62,81,60
"Unit 2 Probability","Lesson 2.5: Probability / Lesson 2.6: Comparing Probabilities",,"Probability of simple events and opposite events",F88,,,,,,,,,,,,,,38,,,78,,,,,,,,,,,,,,,,,,,,,,,,,,,,,,,,,,,,,,,,100,,,,,,,,,100,,,,,,,,,,60,,,,,,,,,,,60,21,62
"Unit 2 Probability","Lesson 2.7 Experimental and Theoretical Probability",,"Experimental probability",9AA,,81,,82,81,,,,,,,,100,100,81,0,81,82,82,,,,81,,65,,,62,,50,82,81,60,80,81,80,82,,,80,,,,,,0,,81,,60,60,82,,41,82,82,82,80,,,,,81,82,,100,,,,,61,65,81,81,81,,,,,82,,48,,,,39,80,,63,60,60
"Unit 2 Probability","Lesson 2.7 Experimental and Theoretical Probability",,"Use collected data to find probabilities",DNQ,,80,,80,80,,,,,,,0,100,100,83,82,80,61,83,,,,64,,80,,,63,,84,80,80,,80,83,82,80,36,,83,,,,,,,,80,,72,11,80,,82,66,83,80,80,,,,,82,80,,100,,,,,,15,80,82,83,,,,,80,,,,0,,,63,0,69,84
"Unit 3 Operations with Rational Numbers","Lesson 3.1 Adding Rational Numbers",,"Add positive and negative decimals",Y6V,,81,,60,81,,,18,,,,,100,91,81,0,83,63,62,,,,60,,81,,,9,,,60,81,66,60,60,81,61,,,60,,,,,,60,,100,,81,81,60,,82,36,,62,100,,,,,60,61,,18,,,,,71,64,72,81,,,,,,64,,62,,,,81,64,69,81,81
"Unit 3 Operations with Rational Numbers","Lesson 3.1 Adding Rational Numbers",,"Add positive and negative fractions",DMY,,60,,64,80,,,,,,,,64,70,60,,81,60,60,,,,60,,72,,,,,,62,64,,0,62,83,63,,,61,,,,,,,,61,,72,,64,,81,,,61,67,,,,,62,62,,100,,,,,60,60,60,81,48,,,,,60,,62,,,,0,61,64,85,60
"Unit 3 Operations with Rational Numbers","Lesson 3.1 Adding Rational Numbers",,"Add rational numbers",STX,,60,,64,81,,,,,,,,60,17,70,,81,60,60,,,,,,60,,,,,,60,69,,,60,,60,,,60,,,,,,,,100,,72,,64,,87,,,61,61,,,,,62,60,,59,,,,,66,62,64,60,,,,,,62,,60,,,,60,60,75,81,60
"Unit 3 Operations with Rational Numbers","Lesson 3.2 Subtracting Rational Numbers",,"Subtract positive and negative decimals",FGV,,68,,62,82,,,,,,,,100,10,82,,81,60,60,,,,,,63,,,,,,61,64,,,60,62,60,,,60,,,,,,,,75,,81,,64,,79,,,60,92,,,,,60,60,,89,,,,,64,64,68,60,81,,,,,60,,64,,16,,,62,38,80,60
"Unit 3 Operations with Rational Numbers","Lesson 3.2 Subtracting Rational Numbers",,"Subtract positive and negative fractions",QLV,,64,,62,82,,,,,,,,100,,66,,81,66,62,,,,,,60,,,,,,65,61,10,,62,61,60,,,60,,,,,,,,62,,72,,61,,78,,,60,61,,,,,62,60,,100,,,,,,60,60,64,,,,,,64,,60,,,,,62,,81,65
"Unit 3 Operations with Rational Numbers","Lesson 3.2 Subtracting Rational Numbers",,"Add and subtract positive and negative decimals",WCZ,,62,,64,68,,,,,,,,100,21,60,72,60,60,60,,,,,,64,,,,19,,60,62,,,60,72,60,,,60,,,,,,,,60,,72,,,,60,,,60,82,,,,,100,60,,,,,,,62,63,64,60,,,,,,64,,60,,19,,,62,,82,60
"Unit 3 Operations with Rational Numbers","Lesson 3.2 Subtracting Rational Numbers",,"Add and subtract positive and negative fractions",SD2,68,60,81,60,62,83,82,,,81,,18,62,,64,,81,,60,,,,,,60,,79,,55,,60,,,60,60,60,61,67,,60,,55,,,,,,60,100,81,,60,,85,,,61,100,,,25,82,64,60,70,100,19,,68,,,60,61,64,,,,81,67,60,,60,,,81,,64,,81,60
"Unit 3 Operations with Rational Numbers","Lesson 3.2 Subtracting Rational Numbers",,"Add and subtract rational numbers",GKU,,60,,,64,,,,,,,,62,,60,,62,,60,,,,,,64,,,,,,60,,,60,60,46,60,,,60,,,,,,,,60,,82,,64,,64,,,62,60,,,,,62,62,,100,,,,,,,50,61,,,,,,62,,64,,,,36,60,9,81,60
"Unit 3 Operations with Rational Numbers","Lesson 3.2 Subtracting Rational Numbers",,"Distance between rational numbers on a number line",P7H,,61,,0,71,,,,,,,,66,,0,,64,,0,,,,,,,,,,,,0,,,,63,,0,,,60,,,,,,,,28,,0,,0,,,,,17,65,,,,,64,63,,0,,,,,,,22,60,,,,,,63,,13,,,,,39,,74,18
"Unit 3 Operations with Rational Numbers","Lesson 3.3 Multiplying Rational Numbers",,"Multiply positive and negative decimals",VN5,,60,,,64,,,,,,,,100,,60,,65,,60,,,,,,60,,,,,,60,60,61,36,60,,64,,,60,,,,,,67,,72,,100,,60,,64,,,61,100,,,,,60,60,,100,,,,,,,60,60,,,,,,60,,64,,,,,60,,,60
"Unit 3 Operations with Rational Numbers","Lesson 3.3 Multiplying Rational Numbers",,"Multiply positive and negative fractions",K6H,,60,,,73,,,,,,,,64,,60,50,50,,60,,,,,,60,,,,,,62,60,,60,64,,60,,,60,,,,,,,,60,,,,60,,60,,,64,60,,,,,60,62,,100,,,,,,,61,60,,,,,,60,,60,,,,,60,,,60
"Unit 3 Operations with Rational Numbers","Lesson 3.3 Multiplying Rational Numbers",,"Multiply rational numbers",FGQ,,64,,,60,,,,,,,,60,22,75,,62,,60,,,,,,18,,,,,,66,,,60,60,,60,,,60,,,,,,,,61,,39,,64,,66,,,62,64,,,,,63,60,,,,,,,,,63,63,,,,,,60,,60,,,,,64,60,,60
"Unit 3 Operations with Rational Numbers","Lesson 3.4 Dividing Rational Numbers",,"Divide positive and negative decimals",XUH,,60,,,60,,,,,,,,60,,60,,64,,60,,,,,,,,,,,,60,64,,60,60,,62,,,60,,,,,,,,72,,,,64,,62,,,62,63,,,,,60,60,,64,,,,,,36,60,60,,,,,,62,,60,,,,,64,,,60
"Unit 3 Operations with Rational Numbers","Lesson 3.4 Dividing Rational Numbers",,"Divide positive and negative fractions",92N,,61,,,60,,,,,,,,60,0,60,,60,,60,,,,,,,,,,,,62,60,,62,60,,60,,,60,,,,,,,,60,,,,65,,60,,,60,60,,,,,64,62,,8,,,,,,60,60,60,,,,,,62,,63,,,,0,64,,,60
"Unit 3 Operations with Rational Numbers","Lesson 3.4 Dividing Rational Numbers",,"Multiply and divide positive and negative decimals",K7V,,60,,,82,,,,,,,,62,60,60,88,60,,62,,,,,,,,,,,,60,,,60,60,,64,,,64,,,,,,75,,68,,,,61,,64,,,60,60,,,,,61,60,,82,,,,,,63,62,60,,,,,,60,,60,,86,,,61,10,,62
"Unit 3 Operations with Rational Numbers","Lesson 3.4 Dividing Rational Numbers",,"Multiply and divide positive and negative fractions",2B5,,60,,,60,,,,,,,,61,13,62,,60,,84,,,,,,,,,,,,60,,,60,60,,60,,,61,,,,,,,,72,,,,64,,60,,,60,60,,,,,60,60,,28,,,,,,60,60,60,,,,,,60,,60,,,,,76,,,60
"Unit 3 Operations with Rational Numbers","Lesson 3.4 Dividing Rational Numbers",,"Multiply and divide rational numbers",BXW,,62,,,91,,,,,,,,100,38,60,19,60,,60,,,,,,,,,,,,100,,,68,60,70,62,,,60,,,,,,81,,72,,100,,63,,61,,,60,60,,,,,63,60,,83,,,,,,60,73,60,0,,,,,62,,60,,,,,82,82,80,60
"Unit 3 Operations with Rational Numbers","Lesson 3.5 Solving Real-World Problems With Rational Numbers - Part 1",,"Add and subtract positive rational numbers: word problems",ST7,,61,,,68,,,,,,,,63,75,0,44,61,,61,,,,,,,,,,44,,61,61,,8,61,,61,,,65,,,,,,35,,,,,,63,,61,,,65,61,,,,,63,65,,77,,,,,,,61,62,,,,,,64,,61,,,,,61,66,,62
"Unit 3 Operations with Rational Numbers","Lesson 3.6 Solving Real-World Problems With Rational Numbers - Part 2",,"Multiply and divide positive rational numbers: word problems",JR8,,60,,,64,,,36,,,,,64,64,22,0,60,,23,,,,,,,,,,,,60,62,,,60,,64,,,60,,,,,,,,,,,,63,,39,,,42,64,,,,,62,60,,84,,,,,,,10,60,45,,,,,63,,62,,,,,60,31,,61
"Unit 3 Operations with Rational Numbers","Lesson 3.7: Solving Real-World Problems With Rational Numbers - Part 3 / Lesson 3.8: Solving Real-World Problems With Rational Number - Part 4",,"Multi-step word problems with positive rational numbers",JVU,,66,,,66,,,,,,,,66,73,,0,66,,,,,,,,0,,,,0,,63,66,,12,66,,60,,,66,,,,,,0,,,,,27,60,,0,,,0,0,,,,,66,62,,0,,,,,,0,,82,85,,,,,66,,,,,,,63,22,,66
"Unit 4 Area","Lesson 4.1: Deriving Area Formulas for Trapezoids, Parallelograms, and Rhombi / Lesson 4.2: Finding the Area of Trapezoids, Parallelograms, and Rhombi",,"Area of a parallelogram",P6T,,64,,,,,,,,,,,70,,,,,,,,,,,,,,,,,,,,,,63,,,,,,,,0,,,,,,,,,,,,,,,67,,,,,100,,,,,,,,,,,14,,,,,,73,,,,,,,,0
"Unit 4 Area","Lesson 4.1: Deriving Area Formulas for Trapezoids, Parallelograms, and Rhombi / Lesson 4.2: Finding the Area of Trapezoids, Parallelograms, and Rhombi",,"Area of a trapezoid",JYV,,81,,,,,,,,,,,48,,,,,,,,,,,,,,,,,,,,,,52,,,,,,,,,,,,,,,,,,,,,,,43,,,,,62,,,,,,,,,,,,,,,,,51
"Unit 4 Area","Lesson 4.1: Deriving Area Formulas for Trapezoids, Parallelograms, and Rhombi / Lesson 4.2: Finding the Area of Trapezoids, Parallelograms, and Rhombi",,"Area of rhombuses",DPB,,80,,,,,,,,,,,,,,,,,,,,,,,,,,,,,,,,,,,,,,,,,,,,,,,,,,,,,,,,,,,,,13,,,,,,,,,,,,,,,,,73
"Unit 4 Area","Lesson 4.4 Finding the Area of Composite Figures",,"Area of compound figures with triangles",MRG,,0,,,,,,,,,,,,,,,,,,,,,,,,,,,,,,,,,0,,,,,,,,,,,,,,,,,,,,,,,,,,,,,,,,,,,,,,,,,,,,,0
"Unit 4 Area","Lesson 4.4 Finding the Area of Composite Figures",,"Area of compound figures made of rectangles",NBA
"Unit 4 Area","Lesson 4.5: Exploring Relationships in Circles / Lesson 4.6: Finding Circumference",,"Center, radius, and diameter of a circle",7RY,,81,,,,,,,,,,,71
"Unit 4 Area","Lesson 4.5: Exploring Relationships in Circles / Lesson 4.6: Finding Circumference",,"Circumference of circles",9FM,,65
"Unit 4 Area","Lesson 4.7 Finding Radius and Diameter",,"Find the radius or diameter of a circle given the circumference",2CM,,73
"Unit 4 Area","Lesson 4.9 Finding the Area of a Circle",,"Area of circles",YA8,,60,,,,,,,,,,,,,,,0,,,,,,,9,,,,,,,,,,,,,,,,,,,,,,,,,,,,54
"Unit 4 Area","Lesson 4.10 Using Circumference and Area to Solve Problems",,"Circles: word problems",P56,,21,,,,,,,,,,,,,,,,,,,,,,,,,,,,,,,,,,,,,,,,,,,,,,,,,,,,,,,,,,,,,,,,,,,,,,,,,,,,,,0
"Unit 5 Scaling With Proportional Relationships","Lesson 5.1 Random Samples vs. Population",,"Populations and samples",YHZ,,,,,,,,,,,,,,,,,,,,,,,,,,,,,,,,,,,,,,,,,,,,,,,,,,,,,,,,,,68
"Unit 5 Scaling With Proportional Relationships","Lesson 5.1 Random Samples vs. Population",,"Identify representative and random samples",B9Z,,,,,,,,,,,,,,,,,,,,,,,,,,,,,,,,,,,,,,,,,,,,,,,,,,,,,,,,,,100
"Unit 5 Scaling With Proportional Relationships","Lesson 5.3: Making Population Predictions - Part 1 / Lesson 5.4: Making Population Predictions - Part 2",,"Make an estimate from sample data",FMC,,,,,,,,,,,,,,,,,,,,,,,,,,,,,,,,,,,,,,,,,,,,,,,,,,,,,,,,,,0
"Unit 5 Scaling With Proportional Relationships","Lesson 5.3: Making Population Predictions - Part 1 / Lesson 5.4: Making Population Predictions - Part 2",,"Use collected data to make predictions",EXS,,,,,,,,,,,,,,,,,,,,,,,,,,,,,,,,,,,,,,,,,,,,,,,,,,,,,,,,,,8
"Unit 5 Scaling With Proportional Relationships","Lesson 5.5: Scale Factors - Perimeter / Lesson 5.6: Scale Factors - Area",,"Perimeter and area: changes in scale",ZC6,,,,,,,,,,,,,,,,,,,,,,,,,,,,,,,,,,,,,,,,,,,,,,,,,,,,,,,,,,,,,,,,,,,,,,,,,,,,,74
"Unit 5 Scaling With Proportional Relationships","Lesson 5.7 Scale Drawings",,"Scale drawings: find the scaled length",9VH
"Unit 5 Scaling With Proportional Relationships","Lesson 5.8 Solving Problems Involving Dimensions and Perimeters of Geometric Figures",,"Scale drawings: find the scale factor or missing side",XHM
"Unit 5 Scaling With Proportional Relationships","Lesson 5.10 Solving Problems Involving Real-World Scale Drawings",,"Scale drawings: word problems",84H,,,,,,,,,0
"Unit 5 Scaling With Proportional Relationships","Lesson 5.10 Solving Problems Involving Real-World Scale Drawings",,"Scale drawings: scale factor word problems",KCM
"Unit 6 Solving Multi-Step Problems With Proportional Relationships","Lesson 6.3: Converting Units of Length / Lesson 6.4: Converting Mass and Area / Lesson 6.5: Converting Units of Volume",,"Convert between customary and metric systems",E8Z,,,,,,,,,,,,,,,,,,,,,,,,,,,,,,,,,,,,,,,,,,,,,,,,,,,,,,,,,,,,,,,,,,,,,,,,,,,,,70
"Unit 6 Solving Multi-Step Problems With Proportional Relationships","Lesson 6.3: Converting Units of Length / Lesson 6.4: Converting Mass and Area / Lesson 6.5: Converting Units of Volume",,"Compare and convert customary units",4B8,,,,,,,,,,,,,,,,,,,,,,,,,,,,,,,,,,,,,,,,,,,,,,,,,,,,,,,,,,,,,,,,,,,,,,,,,,,,,48
"Unit 6 Solving Multi-Step Problems With Proportional Relationships","Lesson 6.3: Converting Units of Length / Lesson 6.4: Converting Mass and Area / Lesson 6.5: Converting Units of Volume",,"Compare and convert metric units",HW2,,,,,,,,,,,,,,,,,,,,,,,,,,,,,,,,,,,,,,,,,,,,,,,,,,,,,,,,,,,,,,,,,,,,,,,,,,,,,67
"Unit 6 Solving Multi-Step Problems With Proportional Relationships","Lesson 6.7: Using Proportions to Solve Problems / Lesson 6.8: Solving Real-World Problems Involving Proportions",,"Solve proportions",TDA,,,,,,,,,,,,,,,,,,,,,,,,,,,,,,,,,,,,,,,,,0
"Unit 6 Solving Multi-Step Problems With Proportional Relationships","Lesson 6.7: Using Proportions to Solve Problems / Lesson 6.8: Solving Real-World Problems Involving Proportions",,"Solve proportions: word problems",WB7
"Unit 6 Solving Multi-Step Problems With Proportional Relationships","Lesson 6.7: Using Proportions to Solve Problems / Lesson 6.8: Solving Real-World Problems Involving Proportions",,"Estimate population size using proportions",3C9
"Unit 6 Solving Multi-Step Problems With Proportional Relationships","Lesson 6.7: Using Proportions to Solve Problems / Lesson 6.8: Solving Real-World Problems Involving Proportions",,"Do the ratios form a proportion?",MJQ,,,,,,,,,,,,,,,,,,,,,,,,,,,,,,,,,,63,,,,,,,,,,,,,,,,,,,,,,,,,,,,,,,,,,,,,,,,,,100
"Unit 6 Solving Multi-Step Problems With Proportional Relationships","Lesson 6.7: Using Proportions to Solve Problems / Lesson 6.8: Solving Real-World Problems Involving Proportions",,"Do the ratios form a proportion: word problems",SHV,,,,,,,,10
"Unit 6 Solving Multi-Step Problems With Proportional Relationships","Lesson 6.9: Exploring Multi-Step Proportions Problems / Lesson 6.10: Solving Multi-Step Proportion Problems / Lesson 6.11: Reasoning Through Problems Involving Proportional Relationships",,"Compare rates: word problems",VVS,,,,,,,,,,,,,,,,,,,,,,,,,,,,,,,,,,,,,,,,,,,,,,,,,,,,,,,,,,,,,,,,,,,,,,,,,,,,,75
"Unit 6 Solving Multi-Step Problems With Proportional Relationships","Lesson 6.9: Exploring Multi-Step Proportions Problems / Lesson 6.10: Solving Multi-Step Proportion Problems / Lesson 6.11: Reasoning Through Problems Involving Proportional Relationships",,"Multi-step problems with customary or metric unit conversions",UCT
"Unit 7 Solving Percentage Problems With Proportional Relationships","Lesson 7.1 Circle Graphs",,"Use fractions to find the measure of an angle",V76
"Unit 7 Solving Percentage Problems With Proportional Relationships","Lesson 7.3 Constructing Circle Graphs",,"Circle graphs and central angles",KXS
"Unit 7 Solving Percentage Problems With Proportional Relationships","Lesson 7.4 Interpreting Circle Graphs",,"Interpret circle graphs",WNJ
"Unit 7 Solving Percentage Problems With Proportional Relationships","Lesson 7.5 Discounts and Markups",,"Markups and sales",N2V
"Unit 7 Solving Percentage Problems With Proportional Relationships","Lesson 7.5 Discounts and Markups",,"Sale prices: find the original price",BDA
"Unit 7 Solving Percentage Problems With Proportional Relationships","Lesson 7.5 Discounts and Markups",,"Which is the better coupon?",QT6
"Unit 7 Solving Percentage Problems With Proportional Relationships","Lesson 7.6: Determining Tax, Tip, or Fees Given a Percentage / Lesson 7.7: Solving Multi-Step Problems Involving Discounts, Taxes, Tips, or Fees",,"Tax, tip, and more: word problems",24Z
"Unit 7 Solving Percentage Problems With Proportional Relationships","Lesson 7.6: Determining Tax, Tip, or Fees Given a Percentage / Lesson 7.7: Solving Multi-Step Problems Involving Discounts, Taxes, Tips, or Fees",,"Find the percent: tax, discount, and more",PBM
"Unit 7 Solving Percentage Problems With Proportional Relationships","Lesson 7.6: Determining Tax, Tip, or Fees Given a Percentage / Lesson 7.7: Solving Multi-Step Problems Involving Discounts, Taxes, Tips, or Fees",,"Multi-step problems with percents",ZHX
"Unit 7 Solving Percentage Problems With Proportional Relationships","Lesson 7.6: Determining Tax, Tip, or Fees Given a Percentage / Lesson 7.7: Solving Multi-Step Problems Involving Discounts, Taxes, Tips, or Fees",,"Solve percent equations: word problems",JS6
"Unit 7 Solving Percentage Problems With Proportional Relationships","Lesson 7.6: Determining Tax, Tip, or Fees Given a Percentage / Lesson 7.7: Solving Multi-Step Problems Involving Discounts, Taxes, Tips, or Fees",,"Estimate tips",Y5R
"Unit 7 Solving Percentage Problems With Proportional Relationships","Lesson 7.8 Simple Interest",,"Simple interest",E7Y
"Unit 7 Solving Percentage Problems With Proportional Relationships","Lesson 7.9 Percent Increase and Decrease",,"Percent of change",BL7,,,,,,,,,,,,,,,,,,,,,,,,,,,,,,,,,,41
"Unit 7 Solving Percentage Problems With Proportional Relationships","Lesson 7.9 Percent Increase and Decrease",,"Percent of change: find the original amount word problems",RCM
"Unit 7 Solving Percentage Problems With Proportional Relationships","Lesson 7.10 Calculating Percent Error",,"Percent error: word problems",6UY
"Unit 8 Evaluating Numeric Expressions","Lesson 8.1 Product Laws of Exponents",,"Evaluate powers",SZQ,75,,70,,,,,,73,82,68,70,,,,,,,,68,68,68,,68,,,,,,67,,,,,,,,68,68,,76,72,,,68,,100,,,,,,,,,68,,,67,68,,68,,,71,100,68,68,71,81,,,,,,,68,68,73,,100,,70,,68
"Unit 8 Evaluating Numeric Expressions","Lesson 8.1 Product Laws of Exponents",,"Multiplication with exponents",5SK,,,36,,,,,,72,28,68,68,,,,,,,,81,68,72,,83,,68,,,,67,,,,,,,,68,68,,,81,,,,,,,,,,,,,,68,,,67,53,,68,,,80,100,,68,36,,,,,,,81,81,72,,,100,,68,,68
"Unit 8 Evaluating Numeric Expressions","Lesson 8.1 Product Laws of Exponents",,"Power rule",8DA,,,68,,,,,,68,,69,68,,,,,,,,68,68,70,,68,,67,,,,68,,,,,,,,68,68,,,72,,,,,,,,,,,,,,87,,,72,,,72,,,70,100,68,68,,,,,,,,64,81,68,,,100,,68,,68
"Unit 8 Evaluating Numeric Expressions","Lesson 8.1 Product Laws of Exponents",,"Understanding exponents",BFA,,,72,,,,,,68,,68,68,,,,,,,,81,68,68,,100,,72,,,,68,,,,,,,,68,,,70,72,,,,,,,,,,,,,,71,,,68,,,68,,,100,,75,68,,,,,,,,,81,,,,10,,68
"Unit 8 Evaluating Numeric Expressions","Lesson 8.2 Quotient Laws of Exponents",,"Powers with negative bases",WFW,,,68,,,,,,70,,58,68,,,,,,,,81,91,70,,68,,68,,,,68,,,,,,,,67,72,,75,68,,,,,,,,,,,,,,72,,,70,,,68,,,73,61,71,68,,68,,,,,,70,69,73,37,,,,68,,73
"Unit 8 Evaluating Numeric Expressions","Lesson 8.2 Quotient Laws of Exponents",,"Division with exponents",XNC,,,68,,,,,,67,,71,67,,,,,,,,68,68,72,,72,,100,,,,68,,,,,,,,68,,,,68,,,,,,,,,,,,,,70,,,68,,,70,,,0,,75,73,,,,,,,,68,67,,,,,,67
"Unit 8 Evaluating Numeric Expressions","Lesson 8.2 Quotient Laws of Exponents",,"Identify equivalent expressions involving whole-number exponents",KBE,34,,68,,,,,,27,,68,67,,,,,,,,,67,46,,67,,44,,,,70,,,,,,,,38,,,,69,,,,,,,,,,,,,,70,,,69,,,68,,,45,16,68,68,,,,,,,,45,70,,,,,,68
"Unit 8 Evaluating Numeric Expressions","Lesson 8.3 Exponential Expressions",,"Evaluate expressions using properties of exponents",ZE9,,,68,,,,,,16,,70,68,,,,,,,,,68,,,21,,,,,,68,,,,,,,,,68,,0,68,,,,,,,,,,,,,,15,,,69,,,68,,,0,,68,,,,,,,,,,72,43,,,,,7
"Unit 8 Evaluating Numeric Expressions","Lesson 8.4 Evaluating Numeric Expressions - Part 1",,"Evaluate numerical expressions involving rational numbers: up to 3 operations",2XW
"Unit 8 Evaluating Numeric Expressions","Lesson 8.5 Evaluating Numeric Expressions - Part 2",,"Evaluate numerical expressions involving rational numbers",KG2
"Unit 8 Evaluating Numeric Expressions","Lesson 8.5 Evaluating Numeric Expressions - Part 2",,"Evaluate numerical expressions involving decimals",FNM,,,,,,,,,,,,,,,,,,,,,,,,,,,,,,,,,,,,,,,,,48
"Unit 8 Evaluating Numeric Expressions","Lesson 8.5 Evaluating Numeric Expressions - Part 2",,"Evaluate numerical expressions involving fractions",XXQ
"Unit 8 Evaluating Numeric Expressions","Lesson 8.5 Evaluating Numeric Expressions - Part 2",,"Evaluate numerical expressions involving exponents",D7P
"Unit 9 Algebraic Expressions","Lesson 9.1 Adding and Subtracting Linear Expressions With Integer Coefficients",,"Simplify expressions by combining like terms: with algebra tiles",PCU,,,,,,,,,,,,,,,,,,,,,,,,0
"Unit 9 Algebraic Expressions","Lesson 9.1 Adding and Subtracting Linear Expressions With Integer Coefficients",,"Simplify expressions by combining like terms",JJG
"Unit 9 Algebraic Expressions","Lesson 9.1 Adding and Subtracting Linear Expressions With Integer Coefficients",,"Identify terms and coefficients",E7H
"Unit 9 Algebraic Expressions","Lesson 9.2 Adding Linear Expressions With Rational Coefficients",,"Add linear expressions",RPY
"Unit 9 Algebraic Expressions","Lesson 9.3 Subtracting Linear Expressions With Rational Coefficients",,"Subtract linear expressions",KCX
"Unit 9 Algebraic Expressions","Lesson 9.3 Subtracting Linear Expressions With Rational Coefficients",,"Add and subtract linear expressions",6BT
"Unit 9 Algebraic Expressions","Lesson 9.6 Rewriting Equivalent Numerical Expressions",,"Identify properties of addition and multiplication",JC2
"Unit 9 Algebraic Expressions","Lesson 9.7 Equivalent Linear Expressions",,"Evaluate linear expressions",UG6
"Unit 9 Algebraic Expressions","Lesson 9.8 Equivalent Expressions Using Properties of Operations",,"Write equivalent expressions using properties",6XR
"Unit 9 Algebraic Expressions","Lesson 9.8 Equivalent Expressions Using Properties of Operations",,"Identify equivalent linear expressions I",DRB
"Unit 9 Algebraic Expressions","Lesson 9.8 Equivalent Expressions Using Properties of Operations",,"Identify equivalent linear expressions II",KAR
"Unit 9 Algebraic Expressions","Lesson 9.8 Equivalent Expressions Using Properties of Operations",,"Identify equivalent linear expressions using algebra tiles",38V
"Unit 9 Algebraic Expressions","Lesson 9.8 Equivalent Expressions Using Properties of Operations",,"Multiply using the distributive property",NUY
"Unit 10 Equations and Inequalities","Lesson 10.1 Exploring Inequalities - Part 1",,"Solutions to inequalities",8BA
"Unit 10 Equations and Inequalities","Lesson 10.1 Exploring Inequalities - Part 1",,"Graph inequalities on number lines",VLU
"Unit 10 Equations and Inequalities","Lesson 10.1 Exploring Inequalities - Part 1",,"Write inequalities from number lines",JNL
"Unit 10 Equations and Inequalities","Lesson 10.2 Solving One-Step Inequalities Using Addition and Subtraction",,"Solve one-step addition and subtraction inequalities",7MP
"Unit 10 Equations and Inequalities","Lesson 10.2 Solving One-Step Inequalities Using Addition and Subtraction",,"Solve and graph one-step addition and subtraction inequalities",9WP
"Unit 10 Equations and Inequalities","Lesson 10.2 Solving One-Step Inequalities Using Addition and Subtraction",,"Solve one-step addition and subtraction inequalities: word problems",9GC
"Unit 10 Equations and Inequalities","Lesson 10.4 Solving One-Step Inequalities using Multiplication and Division",,"Solve one-step multiplication and division inequalities",E9Q
"Unit 10 Equations and Inequalities","Lesson 10.4 Solving One-Step Inequalities using Multiplication and Division",,"Solve and graph one-step multiplication and division inequalities",PFK
"Unit 10 Equations and Inequalities","Lesson 10.4 Solving One-Step Inequalities using Multiplication and Division",,"One-step multiplication and division inequalities: word problems",JDA
"Unit 10 Equations and Inequalities","Lesson 10.4 Solving One-Step Inequalities using Multiplication and Division",,"Solve one-step inequalities",QWH
"Unit 10 Equations and Inequalities","Lesson 10.4 Solving One-Step Inequalities using Multiplication and Division",,"Graph solutions to one-step inequalities",TFK
"Unit 10 Equations and Inequalities","Lesson 10.5 Solving Two-Step Equations Using Properties of Equality",,"Solve two-step equations: complete the solution",X2L,80,,82,,,,82,,83,78,83,83,,,,,,,,82,100,83,,82,,71,82,,,81,,,,,,,,82,73,,81,100,,82,81,,,,100,,,,71,,,82,,,80,82,80,82,,,70,,81,100,71,70,,,,,,80,83,66,82,,82,,80,,71
"Unit 10 Equations and Inequalities","Lesson 10.5 Solving Two-Step Equations Using Properties of Equality",,"Which x satisfies an equation?",DJS,,,,,,,,,,,,,,,,,,,,,,,,81,,68,,,,69,,,,,,,,,,,,,,,,,82
"Unit 10 Equations and Inequalities","Lesson 10.5 Solving Two-Step Equations Using Properties of Equality",,"Solve two-step equations using algebra tiles",R9E,,,,,,,,,,,,,,,,,,,,,,,,82,,71,,,,70,,,,,,,,,,,,,,,,,90
"Unit 10 Equations and Inequalities","Lesson 10.6 Solving Two-Step Equations",,"Solve two-step equations without parentheses",CMX,82,,83,,,100,82,,82,71,83,83,,,,,,,,82,100,83,,81,,67,83,,,83,,,,,,,,68,68,,83,100,,48,87,,81,,100,,,,71,,,100,,,82,83,82,80,,,69,,82,100,71,37,,,,,,83,83,69,71,,80,,82,,69
"Unit 10 Equations and Inequalities","Lesson 10.6 Solving Two-Step Equations",,"Solve equations of the form px + q = r with fractions",Y6Q,68,,68,,,71,80,,80,80,80,82,,,,,,,,82,100,82,,83,,69,,,,80,,,,,,,,68,80,,80,87,,,82,,76,,100,,,,68,,,80,,,82,83,82,80,,,70,,83,69,68,,,,,,,80,82,64,68,,74,,83,,68
"Unit 10 Equations and Inequalities","Lesson 10.7 Solving Equations Involving the Distributive Property",,"Solve two-step equations with parentheses",NSH,81,,71,,,14,83,,83,74,80,82,,,,,,,,83,100,82,,81,,71,82,,,82,,,,,,,,71,71,,83,91,,35,83,,71,,100,,,,71,,,82,,,83,83,83,82,,,71,,80,71,82,,,,,,,68,83,71,70,,83,,80,,71
"Unit 10 Equations and Inequalities","Lesson 10.7 Solving Equations Involving the Distributive Property",,"Solve equations of the form p(x + q) = r with fractions",A8D,0,,68,,,,81,,80,72,82,81,,,,,,,,69,100,80,,68,,67,19,,,80,,,,,,,,0,80,,82,67,,,81,,68,,72,,,,67,,,100,,,82,80,68,82,,,68,,79,70,68,,,,,,,68,81,68,69,,80,,67,,67
"Unit 10 Equations and Inequalities","Lesson 10.7 Solving Equations Involving the Distributive Property",,"Solve two-step equations with integers",QEB,,,,,,,,,,,,,,,,,9,,,51,,,,46,,68,,,,68,,,,,,,,,,,0,,,,,,,,,,,,,,,,,,,,,,,,,,,,,,,,,,,,,,,,46
"Unit 10 Equations and Inequalities","Lesson 10.7 Solving Equations Involving the Distributive Property",,"Solve equations involving like terms",VSW,,,,,,,,,,,,,,,,,,,,,,,,,,68
"Unit 10 Equations and Inequalities","Lesson 10.8 Solving Real-World Problems With Two-Step Equations",,"Choose two-step equations: word problems",8NH,,,69,,,,80,,72,75,82,80,,,,,,,,72,100,80,,71,,69,0,,,39,,,,,,,,,80,,80,69,,,80,,69,,100,,,,69,,,82,,,80,80,69,71,,,72,,69,69,69,,,,,,,69,84,71,69,,80,,70,,69
"Unit 10 Equations and Inequalities","Lesson 10.9: Writing Two-Step Equations From Real-World Contexts / Lesson 10.10: Writing and Solving Equations in Real-World Context",,"Solve two-step equations: word problems",D2Y,,,73,,,,85,,73,75,67,80,,,,,,,,73,100,85,,73,,69,,,,,,,,,,,,,85,,94,73,,,73,,73,,100,,,,73,,,80,,,81,85,73,73,,,75,,73,73,73,,,,,,,73,82,66,73,,85,,73,,73
"Unit 11 Representing Proportional Relationships","Lesson 11.1 Graphing Proportional Relationships",,"Graph a proportional relationship: word problems",FJW
"Unit 11 Representing Proportional Relationships","Lesson 11.2 Constant of Proportionality - Part 1",,"Interpret graphs of proportional relationships",RMH
"Unit 11 Representing Proportional Relationships","Lesson 11.2 Constant of Proportionality - Part 1",,"Find the constant of proportionality from a table",LKZ,,,,,,,,,,,,,,,,,,,,,,,,,,,,,,,,,,,,,,,,,,,,,,,,,,,,,,,,,,,,,,,,,,,,,,,,,,,,,,,,,,,,,,,,,,,83
"Unit 11 Representing Proportional Relationships","Lesson 11.2 Constant of Proportionality - Part 1",,"Find the constant of proportionality from a graph",ZUT
"Unit 11 Representing Proportional Relationships","Lesson 11.4 Features of Proportional Relationships",,"Identify proportional relationships by graphing",AAN
"Unit 11 Representing Proportional Relationships","Lesson 11.5 Is It Proportional?",,"Identify proportional relationships in tables and graphs",VZK
"Unit 11 Representing Proportional Relationships","Lesson 11.6 Representing Proportional relationships With Equations",,"Write equations for proportional relationships from tables",6GU
"Unit 11 Representing Proportional Relationships","Lesson 11.6 Representing Proportional relationships With Equations",,"Write equations for proportional relationships from graphs",JKH,,,,,,,,,,,,,,,,,,,,,,,,,,,,,,,,,,0
"Unit 11 Representing Proportional Relationships","Lesson 11.6 Representing Proportional relationships With Equations",,"Write and solve equations for proportional relationships",VKK
"Unit 11 Representing Proportional Relationships","Lesson 11.8 Putting It All Together",,"Compare proportional relationships represented in different ways",5A9
"Unit 12 Surface Area and Volume","Lesson 12.1 Finding Surface Area of Right Circular Cylinders Using Nets",,"Nets of three-dimensional figures",3R2,,,,,,,,,,,,,,,,,,,,,,,,100
"Unit 12 Surface Area and Volume","Lesson 12.2 Finding Surface Area of Right Circular Cylinders",,"Surface area of cylinders",CYQ,,,,,,,,,,,,,,,,,,,,,,,,0
"Unit 12 Surface Area and Volume","Lesson 12.2 Finding Surface Area of Right Circular Cylinders",,"Lateral area of cylinders",C8K
"Unit 12 Surface Area and Volume","Lesson 12.5 Volume of Right Circular Cylinders - Part 2",,"Volume of cylinders",FHC
"Unit 13 Numerical and Categorical Data","Lesson 13.1 Effects of Outliers",,"Interpret stem-and-leaf plots",BCT
"Unit 13 Numerical and Categorical Data","Lesson 13.1 Effects of Outliers",,"Identify an outlier and describe the effect of removing it",QZU
"Unit 13 Numerical and Categorical Data","Lesson 13.1 Effects of Outliers",,"Calculate mean, median, mode, and range",U2A
"Unit 13 Numerical and Categorical Data","Lesson 13.1 Effects of Outliers",,"Calculate quartiles and interquartile range",NZN
"Unit 13 Numerical and Categorical Data","Lesson 13.1 Effects of Outliers",,"Interpret charts and graphs to find mean, median, mode, and range",CYK
"Unit 13 Numerical and Categorical Data","Lesson 13.2 Justifying Measures of Center and Spread",,"Describe distributions in dot plots",ZX7
"Unit 13 Numerical and Categorical Data","Lesson 13.4: Comparing Graphical Representations / Lesson 13.5: Comparing Data Sets",,"Compare populations using measures of center and spread",JQW,,,,,,,,,,,,,,,,,,,,,,,,,,,,,,,,,,,,,,,,,,,,,,,,,,,,,,,,,,,,,,,,,,,,,,,,,,,,,,,,,,10
"Unit 13 Numerical and Categorical Data","Lesson 13.7 Representing Real-World Contexts With Graphs",,"Choose the best type of graph",VP6,,,,,,,,,,,,,,,,,,,,,,,,0
"Unit 13 Numerical and Categorical Data","Lesson 13.8 Creating Displays for Numerical Data",,"Create dot plots",22B,,,,,,,,,,,,,,,,,,,,,,,,72
"Unit 13 Numerical and Categorical Data","Lesson 13.8 Creating Displays for Numerical Data",,"Create stem-and-leaf plots",8AP,,,,,,,,,,,,,,,,,,,,,,,,75
"Unit 13 Numerical and Categorical Data","Lesson 13.8 Creating Displays for Numerical Data",,"Create histograms",LGG,,,,,,,,,,,,,,,,,,,,,,,,70
"Unit 13 Numerical and Categorical Data","Lesson 13.8 Creating Displays for Numerical Data",,"Box plots",SKN,,,,,,,,,,,,,,,,,,,,,,,,63
"Unit 13 Numerical and Categorical Data","Lesson 13.8 Creating Displays for Numerical Data",,"Create and interpret dot plots with fractions",SHS,,,,,,,,,,,16,,,,,,,,,,,,,68,,,,,,,,,,9
"Unit 13 Numerical and Categorical Data","Lesson 13.9 Creating Displays for Categorical Data",,"Create bar graphs",E76,,,,,,,,,,,,,,,,,,,,,,,,81,,,,,,,,,,,,,,,,,,,,,,,,,,,,,,,,,,,,,,,,,,,,,,,61
