"Student ID","Local ID","Student","Grade","Unit 1 Assessment
 

 
 21 Points
 
 

 
 Assigned 09/01
 Due 09/02","Unit 1 IXL
 

 
 15 Points
 
 

 
 Assigned 09/03
 Due 09/04","2.01 Worksheet
 

 
 10 Points
 
 

 
 Assigned 09/04
 Due 09/08","Whiteboard Practice Week 9/21
 

 
 5 Points
 
 

 
 Assigned 09/21
 Due 09/25"
"1111100023","","DORSEY, TOBY","58% F","8.5 - 40 % - A","13.0 - 87 % - A","4.8 - 48 % - A","4.0 - 80 % - A"
"1111100024","","ORME78, JULES","76% C","14.0 - 67 % - A","14.5 - 97 % - A","6.6 - 66 % - A","4.0 - 80 % - A"
"1111100025","","JESSUP80, PEYTON79","67% D","11.0 - 52 % - A","10.0 - 67 % - A","9.4 - 94 % - A","3.0 - 60 % - A"
"1111100026","","HALE82, PHOENIX81","70% C","20.0 - 95 % - A","10.0 - 67 % - A","4.0 - 40 % - A","2.0 - 40 % - A"
"1111100027","","INGRAM84, LOGAN83","57% F","8.5 - 40 % - A","11.0 - 73 % - A","7.2 - 72 % - A","1.5 - 30 % - A"
"1111100028","","RAMSEY86, EMERSON85","54% F","9.0 - 43 % - A","5.0 - 33 % - A","9.4 - 94 % - A","3.5 - 70 % - A"
"1111100029","","QUILL88, DAKOTA87","59% F","9.0 - 43 % - A","7.5 - 50 % - A","8.8 - 88 % - A","4.5 - 90 % - A"
"1111100030","","MERCER90, HAYDEN89","71% C","19.5 - 93 % - A","6.5 - 43 % - A","6.7 - 67 % - A","4.0 - 80 % - A"
"1111100031","","LATTIMER91, DAKOTA","78% C","18.0 - 86 % - A","14.0 - 93 % - A","4.9 - 49 % - A","4.0 - 80 % - A"
"1111100032","","KIRBY93, ZION92","57% F","7.5 - 36 % - A","14.0 - 93 % - A","5.3 - 53 % - A","2.0 - 40 % - A"
"1111100033","","UPTON95, MARLOW94","60% D","11.0 - 52 % - A","12.0 - 80 % - A","4.1 - 41 % - A","5.0 - 100 % - A"
"1111100034","","UNDERHILL97, PHOENIX96","58% F","8.0 - 38 % - A","14.0 - 93 % - A","5.1 - 51 % - A","2.0 - 40 % - A"
"1111100035","","TOLLIVER99, EMERSON98","54% F","12.5 - 60 % - A","14.0 - 93 % - A","NHI Not Handed In","2.5 - 50 % - A"
"1111100036","","TOLLIVER99, PHOENIX10","73% C","18.0 - 86 % - A","6.5 - 43 % - A","9.4 - 94 % - A","1.5 - 30 % - A"
"1111100037","","KIRBY12, TOBY11","75% C","19.0 - 90 % - A","9.5 - 63 % - A","6.0 - 60 % - A","5.0 - 100 % - A"
"1111100038","","VOSS14, ZANE13","68% D","20.5 - 98 % - A","7.0 - 47 % - A","5.2 - 52 % - A","2.0 - 40 % - A"
"1111100039","","VOSS14, OAKLEY15","54% F","11.5 - 55 % - A","4.5 - 30 % - A","8.4 - 84 % - A","2.0 - 40 % - A"
"1111100040","","MERCER17, SUTTON16","78% C","18.5 - 88 % - A","9.0 - 60 % - A","9.0 - 90 % - A","2.0 - 40 % - A"
"1111100041","","HOLLIS19, DAKOTA18","89% B","19.5 - 93 % - A","12.0 - 80 % - A","9.9 - 99 % - A","3.0 - 60 % - A"
"1111100042","","ELKINS21, TAYLOR20","54% F","7.0 - 33 % - A","11.5 - 77 % - A","6.3 - 63 % - A","2.0 - 40 % - A"
"1111100043","","SUTTER23, EVERLY22","66% D","13.0 - 62 % - A","7.5 - 50 % - A","9.8 - 98 % - A","2.0 - 40 % - A"
"1111100044","","OAKES25, LENNOX24","49% F","11.0 - 52 % - A","5.5 - 37 % - A","5.7 - 57 % - A","3.0 - 60 % - A"
"1111100045","","ORME27, WREN26","48% F","7.0 - 33 % - A","4.5 - 30 % - A","8.5 - 85 % - A","4.0 - 80 % - A"
"1111100046","","VOSS29, EMERSON28","70% C","15.0 - 71 % - A","12.5 - 83 % - A","4.9 - 49 % - A","4.5 - 90 % - A"
"Average","","","80%","80%","80%","80%","80%"
