"Student ID","Local ID","Student","Grade","Whiteboard Practice Week 9/21
 

 
 5 Points
 
 

 
 Assigned 09/21
 Due 09/25","Unit 2 IXL
 

 
 17 Points
 
 

 
 Assigned 09/04
 Due 09/22","Squares and Cubes Quiz
 

 
 27 Points
 
 

 
 Assigned 09/11
 Due 09/11","Unit 2 Vocabulary Quiz
 

 
 7 Points
 
 

 
 Assigned 09/11
 Due 09/11","2.03 Worksheet
 

 
 10 Points
 
 

 
 Assigned 09/09
 Due 09/10","2.02 Worksheet
 

 
 10 Points
 
 

 
 Assigned 09/08
 Due 09/09","2.01 Worksheet
 

 
 10 Points
 
 

 
 Assigned 09/04
 Due 09/08","Unit 1 Assessment
 

 
 21 Points
 
 

 
 Assigned 09/01
 Due 09/02","Unit 1 IXL
 

 
 15 Points
 
 

 
 Assigned 09/03
 Due 09/04","Unit 1 Notebook Check
 

 
 10 Points
 
 

 
 Assigned 09/03
 Due 09/04","Unit 1 Vocabulary Quiz
 

 
 15 Points
 
 

 
 Assigned 08/20
 Due 08/20","Worksheet 1.4
 

 
 10 Points
 
 

 
 Assigned 08/19
 Due 08/20","Worksheet 1.3
 

 
 10 Points
 
 

 
 Assigned 08/18
 Due 08/19"
"1111860421","","SUTTER, HAYDEN SKYLER","79% C","5 - 100 % - A","1 - 6 % - F","23 - 85 % - B","5 - 71 % - C","10 - 100 % - A","10 - 100 % - A","10 - 100 % - A","16.5 - 79 % - C","8 - 53 % - F","10 - 100 % - A","15 - 100 % - A","10 - 100 % - A","10 - 100 % - A"
"1111107067","","LOWELL CALDER, CASEY DE LOS AVERY","78% C","5 - 100 % - A","17 - 100 % - A","27 - 100 % - A","5 - 71 % - C","10 - 100 % - A","10 - 100 % - A","NHI Not Handed In","9.5 - 45 % - F","15 - 100 % - A","10 - 100 % - A","13 - 87 % - B","5 - 50 % - F","NHI Not Handed In"
"1111377473","","INGRAM, SHILOH PHOENIX","95% A","5 - 100 % - A","17 - 100 % - A","27 - 100 % - A","7 - 100 % - A","10 - 100 % - A","10 - 100 % - A","10 - 100 % - A","16.5 - 79 % - C","15 - 100 % - A","10 - 100 % - A","11 - 73 % - C","10 - 100 % - A","10 - 100 % - A"
"1111125696","","EASTON, LOGAN KAI","96% A","5 - 100 % - A","17 - 100 % - A","27 - 100 % - A","7 - 100 % - A","10 - 100 % - A","10 - 100 % - A","10 - 100 % - A","14.5 - 69 % - D","15 - 100 % - A","10 - 100 % - A","15 - 100 % - A","10 - 100 % - A","10 - 100 % - A"
"1111161878","","YORK VANCE, REMY","97% A","5 - 100 % - A","17 - 100 % - A","26 - 96 % - A","7 - 100 % - A","10 - 100 % - A","10 - 100 % - A","10 - 100 % - A","17.5 - 83 % - B","15 - 100 % - A","10 - 100 % - A","14 - 93 % - A","10 - 100 % - A","10 - 100 % - A"
"1111335712","","TOLLIVER, PARKER","97% A","5 - 100 % - A","17 - 100 % - A","27 - 100 % - A","7 - 100 % - A","10 - 100 % - A","10 - 100 % - A","10 - 100 % - A","15.5 - 74 % - C","15 - 100 % - A","10 - 100 % - A","15 - 100 % - A","10 - 100 % - A","10 - 100 % - A"
"1111189791","","WHITLOCK, DEVIN","76% C","5 - 100 % - A","17 - 100 % - A","NHI Not Handed In","7 - 100 % - A","10 - 100 % - A","10 - 100 % - A","10 - 100 % - A","10 - 48 % - F","15 - 100 % - A","10 - 100 % - A","14 - 93 % - A","10 - 100 % - A","10 - 100 % - A"
"1111478142","","NASH II, QUINN LENNOX","72% C","5 - 100 % - A","14 - 82 % - B","21 - 78 % - C","3 - 43 % - F","10 - 100 % - A","10 - 100 % - A","10 - 100 % - A","7 - 33 % - F","15 - 100 % - A","10 - 100 % - A","13 - 87 % - B","NHI Not Handed In","NHI Not Handed In"
"1111811876","","WEXLER OAKES, EMERSON","90% A","5 - 100 % - A","17 - 100 % - A","27 - 100 % - A","6 - 86 % - B","10 - 100 % - A","10 - 100 % - A","10 - 100 % - A","9.5 - 45 % - F","15 - 100 % - A","10 - 100 % - A","12 - 80 % - B","10 - 100 % - A","10 - 100 % - A"
"1111345949","","DORSEY, MICAH FLYNN-WINTER","47% F","5 - 100 % - A","2 - 12 % - F","27 - 100 % - A","5 - 71 % - C","NHI Not Handed In","NHI Not Handed In","NHI Not Handed In","10 - 48 % - F","1 - 7 % - F","10 - 100 % - A","12 - 80 % - B","NHI Not Handed In","NHI Not Handed In"
"1111238439","","COBB, TAYLOR JORDAN","51% F","5 - 100 % - A","3 - 18 % - F","21 - 78 % - C","2 - 29 % - F","NHI Not Handed In","10 - 100 % - A","NHI Not Handed In","7.5 - 36 % - F","3 - 20 % - F","10 - 100 % - A","11 - 73 % - C","NHI Not Handed In","10 - 100 % - A"
"1111612714","","RHODES, SUTTON ELLIS","38% F","5 - 100 % - A","0 - 0 % - F","1 - 4 % - F","7 - 100 % - A","NHI Not Handed In","NHI Not Handed In","NHI Not Handed In","10 - 48 % - F","2 - 13 % - F","10 - 100 % - A","14 - 93 % - A","NHI Not Handed In","10 - 100 % - A"
"1111247293","","IVERSON, NOOR LOGAN","91% A","5 - 100 % - A","17 - 100 % - A","26 - 96 % - A","5 - 71 % - C","10 - 100 % - A","10 - 100 % - A","10 - 100 % - A","17 - 81 % - B","10 - 67 % - D","10 - 100 % - A","13 - 87 % - B","10 - 100 % - A","10 - 100 % - A"
"1111826282","","FAIRLEY, BELLAMY NICO","95% A","5 - 100 % - A","17 - 100 % - A","26 - 96 % - A","7 - 100 % - A","10 - 100 % - A","10 - 100 % - A","10 - 100 % - A","15.5 - 74 % - C","15 - 100 % - A","10 - 100 % - A","14 - 93 % - A","10 - 100 % - A","10 - 100 % - A"
"1111423065","","MERCER, EVERLY MARLOW","95% A","5 - 100 % - A","17 - 100 % - A","27 - 100 % - A","7 - 100 % - A","10 - 100 % - A","10 - 100 % - A","10 - 100 % - A","12.5 - 60 % - D","15 - 100 % - A","10 - 100 % - A","15 - 100 % - A","10 - 100 % - A","10 - 100 % - A"
"1111292475","","VOSS HOLLIS, DEVIN ZANE","96% A","5 - 100 % - A","17 - 100 % - A","25 - 93 % - A","7 - 100 % - A","10 - 100 % - A","10 - 100 % - A","10 - 100 % - A","16 - 76 % - C","15 - 100 % - A","10 - 100 % - A","15 - 100 % - A","10 - 100 % - A","10 - 100 % - A"
"1111351003","","JARVIS-DUNMORE, TATUM","90% A","5 - 100 % - A","12 - 71 % - C","25 - 93 % - A","7 - 100 % - A","10 - 100 % - A","10 - 100 % - A","10 - 100 % - A","12 - 57 % - F","15 - 100 % - A","10 - 100 % - A","15 - 100 % - A","10 - 100 % - A","10 - 100 % - A"
"1111694341","","JARVIS VANCE75, YAEL76 PEYTON77","100% A","5 - 100 % - A","NG","NG","NG","NG","NG","NG","NG","NG","NG","NG","NG","NG"
"1111126012","","ORME78, SUTTON","79% C","5 - 100 % - A","17 - 100 % - A","24 - 89 % - B","1 - 14 % - F","NHI Not Handed In","10 - 100 % - A","10 - 100 % - A","15.5 - 74 % - C","14 - 93 % - A","10 - 100 % - A","13 - 87 % - B","NHI Not Handed In","10 - 100 % - A"
"1111231959","","QUILL79 ORME80, KAI JORDAN","87% B","5 - 100 % - A","14 - 82 % - B","20 - 74 % - C","7 - 100 % - A","10 - 100 % - A","10 - 100 % - A","10 - 100 % - A","9.5 - 45 % - F","15 - 100 % - A","10 - 100 % - A","15 - 100 % - A","10 - 100 % - A","10 - 100 % - A"
"1111587936","","HALE81, SKYLER82","96% A","5 - 100 % - A","17 - 100 % - A","26 - 96 % - A","7 - 100 % - A","10 - 100 % - A","10 - 100 % - A","10 - 100 % - A","16 - 76 % - C","15 - 100 % - A","10 - 100 % - A","14 - 93 % - A","10 - 100 % - A","10 - 100 % - A"
"1111915710","","ZINK83, YAEL84","64% D","5 - 100 % - A","13 - 76 % - C","17 - 63 % - D","7 - 100 % - A","NHI Not Handed In","10 - 100 % - A","10 - 100 % - A","6 - 29 % - F","6 - 40 % - F","10 - 100 % - A","11 - 73 % - C","NHI Not Handed In","10 - 100 % - A"
"1111156989","","VANCE85, BELLAMY86 FINLEY87","90% A","5 - 100 % - A","17 - 100 % - A","27 - 100 % - A","7 - 100 % - A","10 - 100 % - A","10 - 100 % - A","10 - 100 % - A","13.5 - 64 % - D","15 - 100 % - A","10 - 100 % - A","15 - 100 % - A","NHI Not Handed In","10 - 100 % - A"
"Average","","","83%","100%","79%","84%","84%","77%","91%","82%","60%","82%","100%","91%","66%","86%"